-- phpMyAdmin SQL Dump
-- version 5.2.0
-- https://www.phpmyadmin.net/
--
-- Servidor: 127.0.0.1:3306
-- Tiempo de generación: 27-03-2024 a las 14:26:13
-- Versión del servidor: 5.6.51
-- Versión de PHP: 8.2.0

SET SQL_MODE = "NO_AUTO_VALUE_ON_ZERO";
START TRANSACTION;
SET time_zone = "+00:00";


/*!40101 SET @OLD_CHARACTER_SET_CLIENT=@@CHARACTER_SET_CLIENT */;
/*!40101 SET @OLD_CHARACTER_SET_RESULTS=@@CHARACTER_SET_RESULTS */;
/*!40101 SET @OLD_COLLATION_CONNECTION=@@COLLATION_CONNECTION */;
/*!40101 SET NAMES utf8mb4 */;

--
-- Base de datos: `n_inventario`
--

-- --------------------------------------------------------

--
-- Estructura de tabla para la tabla `almacen`
--

DROP TABLE IF EXISTS `almacen`;
CREATE TABLE IF NOT EXISTS `almacen` (
  `ID_Almacen` int(11) NOT NULL AUTO_INCREMENT,
  `Tipo_almacen` varchar(30) DEFAULT NULL,
  PRIMARY KEY (`ID_Almacen`)
) ENGINE=InnoDB AUTO_INCREMENT=3 DEFAULT CHARSET=utf8mb4;

--
-- Volcado de datos para la tabla `almacen`
--

INSERT INTO `almacen` (`ID_Almacen`, `Tipo_almacen`) VALUES
(1, 'Informática'),
(2, 'Fotografía');

-- --------------------------------------------------------

--
-- Estructura de tabla para la tabla `equipo`
--

DROP TABLE IF EXISTS `equipo`;
CREATE TABLE IF NOT EXISTS `equipo` (
  `ID_equipo` int(11) NOT NULL AUTO_INCREMENT,
  `ID_Almacen` int(11) DEFAULT NULL,
  `Nombre_equipo` varchar(50) DEFAULT NULL,
  PRIMARY KEY (`ID_equipo`)
) ENGINE=InnoDB AUTO_INCREMENT=130 DEFAULT CHARSET=utf8mb4;

--
-- Volcado de datos para la tabla `equipo`
--

INSERT INTO `equipo` (`ID_equipo`, `ID_Almacen`, `Nombre_equipo`) VALUES
(1, 2, 'Cámara'),
(2, 2, 'Batería'),
(3, 2, 'Cargador'),
(4, 2, 'Lente'),
(5, 2, 'Speedlite'),
(6, 2, 'Fotómetro'),
(7, 2, 'RTS'),
(8, 2, 'Micrófono'),
(9, 2, 'Transmisor'),
(10, 2, 'Receptor'),
(11, 2, 'Manubrio'),
(12, 2, 'Caña Boom'),
(13, 2, 'Lectora de Memoria'),
(14, 2, 'Audífonos'),
(15, 2, 'Maleta'),
(16, 1, 'All in one'),
(17, 1, 'Cables Varios'),
(18, 1, 'CPU'),
(19, 1, 'Decodificador TV'),
(20, 1, 'Docking'),
(21, 1, 'Ecran'),
(22, 1, 'IMAC'),
(23, 1, 'Impresora'),
(24, 1, 'Laptop'),
(25, 1, 'Maletin Laptop'),
(26, 2, 'Trípode'),
(27, 2, 'Olla'),
(28, 2, 'Softbox'),
(29, 2, 'Sombrilla'),
(30, 2, 'Rebotador'),
(31, 2, 'Extension'),
(32, 2, 'Memoria SD'),
(33, 2, 'Multilector'),
(34, 2, 'Paños de Limpieza'),
(35, 2, 'Estrella para Trípode'),
(36, 2, 'Cabezal para Trípode'),
(37, 2, 'Peluche de Microfono'),
(38, 2, 'Cable XRL'),
(39, 2, 'Foco'),
(40, 2, 'Cable Micrófono'),
(41, 2, 'Cable'),
(42, 2, 'Cable de Entrada'),
(43, 2, 'Cable de Poder'),
(44, 2, 'Cable HDMI'),
(45, 2, 'Rejilla'),
(46, 2, 'Esponja'),
(47, 2, 'Adaptador'),
(48, 2, 'Anillo para Luces'),
(49, 2, 'Filtros de Colores'),
(50, 2, 'Tubo Recubierto'),
(51, 2, 'Reflector'),
(52, 2, 'Tela de Color'),
(53, 2, 'Parlante'),
(54, 2, 'Estuche'),
(55, 2, 'Carrito de Filmación'),
(56, 2, 'Archivador'),
(57, 2, 'Ruedas'),
(58, 2, 'DVD'),
(59, 2, 'Accesorios Varios'),
(125, 1, 'Monitor'),
(126, 1, 'Proyector'),
(127, 1, 'Servidor'),
(128, 1, 'Tarjetas de Video'),
(129, 1, 'Teclado');

-- --------------------------------------------------------

--
-- Estructura de tabla para la tabla `ficha`
--

DROP TABLE IF EXISTS `ficha`;
CREATE TABLE IF NOT EXISTS `ficha` (
  `ID_ficha` int(11) NOT NULL AUTO_INCREMENT,
  `ID_sede` int(11) NOT NULL,
  `ID_torre` int(11) NOT NULL,
  `Salon` varchar(30) DEFAULT NULL,
  `ID_almacen` int(11) NOT NULL,
  `ID_equipo` int(11) NOT NULL,
  `Descripcion` varchar(50) DEFAULT NULL,
  `ID_marca` int(11) NOT NULL,
  `ID_modelo` int(11) NOT NULL,
  `Numero_serie` varchar(30) DEFAULT NULL,
  `Codigo_isil` varchar(30) DEFAULT NULL,
  `Imagen` mediumblob,
  `ID_usuario` int(11) NOT NULL,
  `ID_operatividad` int(11) NOT NULL,
  `Observaciones` varchar(50) DEFAULT NULL,
  `Fecha_registro` datetime DEFAULT NULL,
  `ID_usuario_modificador` varchar(90) DEFAULT NULL,
  `Fecha_modificacion` datetime DEFAULT NULL,
  PRIMARY KEY (`ID_ficha`),
  KEY `ID_sede` (`ID_sede`),
  KEY `ID_torre` (`ID_torre`),
  KEY `ID_almacen` (`ID_almacen`),
  KEY `ID_equipo` (`ID_equipo`),
  KEY `ID_marca` (`ID_marca`),
  KEY `ID_modelo` (`ID_modelo`),
  KEY `ID_operatividad` (`ID_operatividad`),
  KEY `ID_usuario` (`ID_usuario`)
) ENGINE=InnoDB AUTO_INCREMENT=16 DEFAULT CHARSET=utf8mb4;

--
-- Volcado de datos para la tabla `ficha`
--

INSERT INTO `ficha` (`ID_ficha`, `ID_sede`, `ID_torre`, `Salon`, `ID_almacen`, `ID_equipo`, `Descripcion`, `ID_marca`, `ID_modelo`, `Numero_serie`, `Codigo_isil`, `Imagen`, `ID_usuario`, `ID_operatividad`, `Observaciones`, `Fecha_registro`, `ID_usuario_modificador`, `Fecha_modificacion`) VALUES
(13, 2, 2, '117', 1, 16, 'weq', 1, 84, '2312312312312', '121212', 0x89504e470d0a1a0a0000000d4948445200000200000002000806000000f478d4fa0000000473424954080808087c08648800000009704859730000120e0000120e01a10fa0a30000001974455874536f667477617265007777772e696e6b73636170652e6f72679bee3c1a000078df4944415478daed9d077454c7d9f73fa739c99bbca96f12d331601b830bb6e3de7bc348a208104d207aef068331a850247a2fa6775017a24a4848a8a02e2109f5b2eabd4bab5dedfd66c812134251b9f7cecceeff9ef33b27c7b1b573a73dff3bf394ff2749d2ff0300f0cd138356fd9ef02ce175c2478481046b822d613a6111e107c23ac236c201c2298237c18f104a8827a4130a085584662355c67f46ffbf38e3bfeb67fc6f4f12f61bffe63ae36f2c34fea6adb10d5f133e34b6ad2fe177183300f8079d00007be3fe334227a301b5361a586a70bd08b1844a822418e584188207610b613e6128e135c23f088f61ec01800000c0d40dfc6f084f133e21d81156110e12ae12328c5fe19299d14448339e341c309e2c8c379e6ef421fc1a7307000800004431f4bf24bc489840d84108239498a171970303a18870dd78823096d09ff073cc3500200000606dec0718bfe877126e18bf6a61bc95a5de280a3613c618fd227e863909000400004a18fb5f115e264c22ec264412b430c6dc504708226c228c363a22421400000100409b8cfde384570893097b085130f642524bb846d848b0213c03510000040000771bfcc7082f11be337e4536c3789a2c358473841984de98ff0002009d00cccfe8ff85308270c8e86806e3689ed02884ad84af08bfc5da0010000098669c3d8d3f5f61f4cc6f81f103f7094bbc4498477d08b06e00040000e21afdbf191dc28e13ca60e0401bc9313a7c5ad02c8c5853000200007e0dfecf096f131c8c5efa0618312013cdc6a44d8b092f60bd01080000f8c8b047eff2cf089a2e178849beb13e02f51df805d622800000403daffd7709fb08d530468031c5c650c301589f00020000650c7f6fc24a42268c0ee0145a6d7101e109ac5900010040c78cfe1f8dd9f782615c8040e809170823e93515d632800000a07546ff17c6bb555acbbe11c6049840f2a11f09efa10432800000e0fe869f56d1db80c43cc084c9329682ee83350f200080b91bfd7f10e613e2601c809911429842f813f602000100ccc9f07f62ccc9ae872100c840b8ea34e10dec0d00020098f2dd3e758a8ac1a60fc07da1ceaedfc057004000005331fcbf23cc2664638307a0552413ec68696aec210002008868f8ff4e702454604307a05d141296d07058ec290002008860f89f26ec31de6d621307a0e3d41a2364ba618f0110008047c3ff26c103457800500c1de1280a12010800c04b5e7e5a2ef53a36670054e522e163ec43000200a86df81f274c24dcc2460c0053a28d1531519510400000450dff6f09df225b1f00dc41a36c66107e85bd0a400000390dffcf08e30879d86801e09a74c210ec5b000200c861fc3f42f21e008483fae5bc8e3d0c400080f618fe678de97ab19902202eb4aa664fec69000200b43681cf2ee4e9178286818bf75f733ae2774deddf5e7dc4ffdac0c50702c9ffaec738708f96e08284420002003cc8f0ff86f09db17e39364d8ee962695f3263a37b6079757d25193be942784aacda6da0bf497fbbb2a6a172ce66cfc02e960e85181bee2937a6e5fe25f63c000100eec4f28f2168b041f24daf61abd3369d0e0ad5eaf4cdd25d0f4b0170e769d6b5e876b88784f419be260963c53d69042bec7f009d60dec6ff03631c3136458ee93ec431db3d30214e7ac0c38300f88ff684dd8aef3974753ac68e7b8208af612f840000e665f8fb12bcb101724ff3c4b567829ab4ba66e9210f6f02e0ce89c0cc8d1ed437a111e3c8353475f709420fec8d1000c0b40dffdf083b8c39c5b1f971ccb3a39c136e6616654bad78781400779e94dc52cd7363d6238c947f68f1ae757014840000a669fc2711aab1d1f14d270bfbea3547fd430c06a9d50fcf02e0ceb3f94c5068670b7b9486e69f52820df64c0800601a86bf3be1323636fe797beaf6f0c2b29a72a98d8f0802803e6555f5151fceda1582b116024fc213d843210080b8defd538cb5c4cdf88b7a55e5c773760774b17228e1b89dfa153f5ebc2eb5f3114500dc79d61cf5a759ea9a791d8fae560e99036c37fa9afbda21d0139b31d84f21008058c6bf27c1df8c37aefa37a76c0b3a72312a58abd3377cbfef6214c747fe15bea1c9f152071ed104007dae44a62574b6b02fe3755c76798446343435676c3875cdf5d951ce578c77e4e6ba9e6846d0ced85b210000ff5ffdd30975e6e8314fbedac2b6bb5d0fac6bd456df313437927335bc7e6df61cea94919e57962f75f0115100d027a7a832bf97f5ea5b9c9e1cd592b129b8d3d6cada86a4153f5e3cdbdb7acd3533cd925945188f7d160200f069fc7b1102cc2d84a9af8d73b4e3613ffff2eafad27b0d4c6d83b6b9c750a75c1edbfeeaa42d11b50d4d0d920c8fa802803ee42b9b9ed684f238464f8d589bdcac6fd1dfdbe682b29ae8395bbc5c7b0c718a3043217081d0157b2e0400e0e7ab7f9639e564ef64615f3a7cc551bf544d69fac38ccbe7f3f746f2d8fef1ab4f07190c924192e9115900d087463c4c7571bd6a8c49e76aac6c561d0f7e48d35ba253f3af7d3a6faf97f1bedc5c44008d269a88fd170200b035fe7d8cd9bccc25363e6aa74768a056a76f7c9451d9ed191ac7e335c55eaff01b92cc8fe802e0ce73f84264188777ed068f6b37e31ed5f646adaec0f1909f67cfa14e9166240468745177ecc51000405dc3ff33c25c5a0dce0cbef6cb872c3bec9794559cda5a4392a6292d21ff1d6f7e10baa317a3a224051e531100f4397335ee86b17a1d3763d7d9d2beb4a8bca6a295afd01291ac09fa78ceee73c67b735317013452622a3d89c4de0c01009437fe4f13ae9bfac6f2f4c875b15bce06073435ebeadb62409a757ac33323d7a5f266fc0ffa4644480a3da62400e873fc7274386f8e9b2fda6e8831b4f1d2a6beb1b960e5fe4bde3d863ac59a8110a051473db147430000e5befa1798786ef596d7266db91e1c9fd56ee332c6e1e40dde62fcf77885854b0a3ea62600e873f07c64286f29abe76ff30e6ee7ebb45c08bbe5ffdc98f5d778f47390117aea3603a701100040fe1cfea61cd7dff8e5821f0352724b333a62343c83126f71b6c1b6ec700b51d4f89baa00a0cf3e9ff010ce42ee9aafc767a574e49de2d30b22de9dbee38289e715b848f80bf66e0800d071e3ff0621cf44eff72bc6399df22faea82deea8b1207fa3b68ba57d394fce639b4e0785492a3ca62a00e8b3d323f43a4f22a0db60474d6d43537d47dfaba0ac3a65c8b2c33ee46f569aa808c821fc137b38040068bff19fc973cad4f6d2c5ca216fc92edf80fa466d9d5c86e2e339bb79caf667703e1e1022a9f498b200a0cf9633c1c1f4348597f1b5faeed035b9de8d888982599b3cbc3b5bd89ba2c8a7a71c93b197430080b619feff211c33b50d817c3d656f3e1314a4d3b7e8e434103e2149293cbde7cafd97ae4b2a3ea62e00e8b3e6a83f4fe1ae2d2109d9b7e47c3fb226aa571ff1f7e962e990698242e020e137d8db2100c0a38dff53840453fbe2271bf835b90dbf31fe5adf638813375f4f164b0e064b2a3fe62000e83374f991405ec6b997f59a54329f5be47e47f2376bbedf77d1c7044f0462084f628f8700000f36fe56c62c5b26b1e83b5bda172ddf773180d8e826a58cc2c4b567b8f1faef3f667d9cee3ea9632100e479f42d06fd0be33670936867c1761fc5c45e53b3ae62de562fef4e16f6c5262402a8bfc3d7d8eb2100c07f1afe9f13d69990735fd9fc6ddefe8ddae67a250d42424661212f3e12d439acbcbabe5262f0988b00a04f656d4355f7c18ed99cccf586cc82f24225dfb7beb1b964d2bab3de9d4c27d5308dd271a061cdd8fb210060fc07adfa3be1aa6918fe55d5939d5dfd6b1b9a6a94360434294bffd12e5c5492239b735d6c5a4186c4e8312701409f9b99451964aed5f030f62f8ddf14a3c63b57d735e6dbac3cee4d7eb3c64484c025c25f61032000ccd9f8bf49c8378552bcc3961ff1afac692857cb08b89c08e025bb9ae1e8c5a84889e1636e02803ea7fde32278890cd8e315a6daf89756d5657fb1609f2f6f4992102a080100da66fc67994288df00db8de1c939c5e96a6efe4515b5759d2decb9f09598b6de2d8885016cd21ba482da6629a1a451da71354d75cff12dfee9d9413975525269a35454a793742d06d5fb60ce16af004e7c5dca2a6b1bead47cf7b8f482a8be36cea1262002b40815840030b710bf13a22fdcee831d33cf5c8d0b6361fc3e9eb33b9a873e786beab670834276afa6a9454a24c6dd3fab563a935425ed8e2a939c828ba50597f3255baf5c69d8d9ec7f33c1234bf5ac72d3bdb26aef6e833561a2b746fad6af40720929910ec4964b5e29d552585ebd9457d32ce915eaa77767ece0a22ec6d78bf68732580a2d077d232e77b13289d041840a42009845219f44d1eff917edf0f16bd6e9b52c8cbff7f5a4341efae1c961abd3ea1bb50d1d7d9f469d414a2b6f92fc88a13f488ce6aa6b45b70de9ddc6f551f020001ec548b79cdbe2655378a9e49a5c25ddc8af970a6a7552470554a3b6b9b197f56a1e7c410c7e5169292cd68456a7af99badeed9c09f807d0abac5eb0151000a668fcdf173cc4afe5b3797b034a2aeb8a25464f4353338df9e7c167a229362d3fbd3dc63ebeb8f1f617fd9aebc5d274dfbcdb5fcec33a880802e041d8b8e7488bae1448bb22cba4ab4404d16b8d364783641666f25024abe750a72c228cf5acd64741594dd6bbd3775c11bce0100d157c17360302c0d4e2fb852dfef1f4c8757111c99a4489f1336b93071731e00b77f8b42a156c59834eba9e5b27ed8f29bf6de486bb76dc609a9a00b81f76de1a695d4889e499522da5943549cdadf02f58b2db379093b911ca7a9d04c767dde865bd264ee4e260040bd80e08005330fe9338ab68d696f0b69a1ff65ff23718a416d69b5a71656d43270bfb3ad67dd26fb44b6c8be1fe07d785b53ae97c7a8db429ac549a7a4e232965204d5d00fcd729815b8eb4fc6aa1742ca142ba59d2481302dd2f2cd4d07f8c4b34fb2b32fb2ab51d02efeb1c6030342fd8ee73c158a257441140f74c3bd8100800918dff3261bdfbc76f0cd5145769244e1eebef8f4672e0ff50935d585170a74dd4f39d1ee91f8cad90665fc857cde09b9b00b897b19eb9d2fad092db0e92158d3f9db8e71657e6531f15d6f364b4fd89ebbcac9b8cfcf254225ac3053e0d580a5b0201209ae17f8cb045c8f4bd16f6a53bdd4302248e9eb4bcb24a1e4226379f09ba5edea097fc326b25e79012698c470e33a36fce02e0dee883c5570aa493372ba5d4f22669f3d9601e8a063512f15cc6d1126a59773ce0321147a26613dc4cf754d8160800118cff2f450df37b6fc6cec0f2eafa5289b3e7c3d9bb6398f7cd82c371f41e9f07a30701f090bef0ce953e5c7e9679a4cde7f3f786f1b68e8a2b6af35e9db8e59aa022e038dd5b61632000788ff1bf2860b5be5cb7c0841089c3273c29b78083442fc54baee4eb7834781000ffcdd4731a7dd7a1ab5917d16949c828cce5714d1d3c1f1940e674a1802280eeadbf83ad8100e0d1f8ff9520dc5ddb570b7ff4ab6bd4564b9c3e2f8ddf98c4ba8f9ccedfcae6d5d84100dc9fa53ea9ccc345c9d77614afebaaaaaeb1ec8359bbfc05140137504300028037e3df8d704ba48544bd950f9d8f0c95387ebc8213996738fb7ad9b1d07b33ef4100f02f0046b8e548037f38cdbc54b47f54fa2d9ed7d86ecfb04b02561aa47b6d77d81e08001e8c7f3f429e480be8199b75c9598515853c6f4c2d0683f4d488b559ac1d22d7051735f36ce820001e0cbdb6a163c8720ef5b5714e94387f728b2b93fa0c5f13229808a07b6e7fd820080096c6ff8d270453cf631d4f4634eb19546e69fb974932ebbe5a7232e226ef460e02e0e1cc3b159dc27a1e1dbf1c13c3fb7a33180c75646f38612cce23ca7e46f7deb7608b20005818ff2f09f5c238fa593a54b95fbb992109f034697552f7218e454c4f4946af4fa2a97a2100c41600e3bd72a567c76d66ea47425304eb5b0c0611d65e404c8647670b7b91ae331b085fc3264100a869fc478b548ffba5f19b323425558d9220cf8a1f2fb14e63dae27025bb5c04030701f068bebb984df348b4b09c532e2702c244597ff54dcd4903c66f3c299008a07bf138d8260800358cff0c818a6d18e66cf64cd7e95b44d97ba4eafa267d674b7ba6d9dcbe5a79265aa9bcfd10006cf8dac1239671a86d519356d72c89f3d43b1df1a309784a051202f361a320009434fee34431fe5dad1c2acf87dd2a91047bbedb7381e946ddd9d2a172fec53c9d48c60d02e0d1ccf0d5e8bb583956b29c5bab8ff85f176d3d26e714bb75b1b48f1248044c83ad820050c2f80f16a5a8cf4be337a51694556b45db6cb4cd7aa9db6047a65f1cd38e46a58b64d820005acf9463314ca34aba0f71cc79502129ce7d725206d86e7415e5d4935ed1c2664100c869fc3f13c43bd6307d837b8c004efef77d369f09bac934646bfcd60c5ef2fb4300285055d03d477ad66e3bd3dc1287ce47de90c47c1ae76df53a224859733dca094300c865fcdf12c1dbbfb3a57dd9b990e414413797db71ffbdac576b98d672f7cdac14cda84100b48db93e99552ce7d85323d6264a023f7e5169973a5bd88b90f784ae898f61c320003a62fc0710aa789fecfd47bbc41696d5948bbcb19cf28b4d65d9871f2d391e632da0418300683b1f2f3bc534cae462784abcc86bb5a4b22ef39991eb44487b5e477813b60c02a03dc6ff694209e713bcc5d6e9d415f2f5ac97047ffa8d766129009a97fbe5350c8300300b01f0ed254d13cbf2d22f8ddf1829fa7ad5b7b43459af387a490011401d3f5f844d8300688bf1ef4ed0f03eb9bb0f764c9dbec1cdef806fc4f5848cc254ad4edf24e266e21f95ceb4af07dabbc5886acc2000dac7374e5ef12ce75c6c5a7eba886bb5a959d718975690bacf3b3c64b2b3ebd5ae560eb90288005a19f269d8360880d618ffbf13d204ad99adef36d831eb15bbcde1362b8f07ac3f111814189b71b3b2b6a18ae74de5b5495b1358de152eb99cd70401605e0260de054d334b87b60f67ede23a24b0b2b6b13c303633cee544c0b5113f1cf37f79c2a670b2b7648b1209751f7251400802e051c6ff4f84784127f8a39c044bfa8d7689fd7ad18f414b779fbfe67e2d213abbb0a2907550527c7a01d36b96c16b7de24436641000ed67f0fa0b2ca34e74b9c595f9ac7d6f352555399ec189e1dfed39ef4ff686abcf8e728eee6c615f6c8a7ba0f1c3ee1fb0751000f733febf238499e8c47f682eedded66b52de9db12374aa8b6bd08f3e376ec4a6e5673569753a3576a0cfe7ef8d66f9ee0b2ee535430098a70098e9abd13d6161dfc06afe0d597638508d35a6d3b734266615251f3a1f193463a3fb95f766ec0c246b9e8a9f1a33dcefe807de9f60f32000ee36fe8f13fccc70313cd4c1b0ab95437eff312e719fcedd739d8a83ad678343fda2d212f34aaa4ae5a86d92535459cdb2a6c2b00d17e245376210001d648b1fb3aa939d06adaaabac69a894c3c81757d45607c767dddaed19163a7bb3e7d52f16ec0b7c7eecfa886e831d33593a3c720afdd0fb1d6c1f040035febf20786051b4196df7218ed92f8cdb10fdd5c21f83e66cf10cdce315167a3d212ba9b4b2ae55218923571e8b60192234e78246070160de02608a4faebe93a5431dab79387d83dbd5d6ac95f2ea7a43e42d4dc9d18b51494b779f8f18bcec70f83f276e8e7972d8ea2c22241ab11fb5197fc2af2100ccdbf83f463882c5a008f53d873aa5bd3c61d30d8b25070316ef3c1770f8425468544a5e72755d63657669adb693c52a66c7af23b7fa259ac4172c04408719b1e31ab310d4ce16f6442f6b1baa6a1ba5f88cc2e6b301f1f98e87ae248db63f11f7cef41d379f1eb1369bfc3bf5d84f14c18b7e00420098af00d88e45c0e8f8d3c2a181e1a65b4b8bc34000400050ecbc735bba5839d6b29a8fdd86ae69c29ec08ce3849f4100989ff19f87c96f9e8cda19986c2ac60b0240a63a017b42d2b136cc16670800f332fe1f091ccf0a3af2f56fe5503df59ca605020002e06ec679e618ba0d5b53833562b68c8000300fe3df835086096fa6570f960ebaa7c76f2f7961c68f9ad7179fc8fa70a567c6572e973306ef08ce1ab93f2277dcb1f842bbd3c9a513ddd2ab277a64364cf0cc6e1eed9ed362edcab50068840030dee79371b225c67c92778e6e9a7776e374afcc9a69eea9e5934f27168e3f1aa3b1d91b9639784b40da176b7c53de5b7636f59f730fa5f79bb42ba7d7a88dc59d2cec755823660bbd921c000160dac6ffb784584c76d01eba0e59233d69b3a1fe19bb9da52fce3c90f7c6b7a7b23eb4f7cefc6afd95acc13bae678f3c109937ee5842d18433b7caeddcd26beca880205fe7b61ed9cd633db2f5a3889018e18a1380bba1c28af4cbed2f703baf5c3d35dc53bd73b4b78db77756dd74af8cead61af0ae4356c3590e74049ae9f0af1000a62b004e629203e658d84b9d073b495d87ad95ba8f70697e72f4c6baa76cb755f49db4abf8f9e93fe6bf34fb50ee6b0b4f64bfb5f44cd6fb3f78647ee2e49bf1a5f3a5cc6f365dcd1cbc3d28cb7a77680e3dad187338268f9e580cdd1daa7a3ef6a1db02d3c61f8dd58c3d18994d8db2f5cee00cabcd57d306ba5c4afddce95cca473f78a4bcb3f474eaeb0b8ea5bd3cfb60c6f353f6643d6bb723b7cf984d853d47ba94751dbabab693a58316f30170181ef80b0800d333fe8b30b90100003c824d1000a665fc3fa599ed30b1010000b482311000a661fc7b112a30a1010000b412ea58fb0a0480d8c6ff7f080998cc000000da8886f03708007105c0194c62000000ede41ae1971000e219ffa598bc0000003ac8760800b18cff9770fa0300002013132000c430fe7d089598b00000006482e6ac781d02806fe3ff7b4222262b00000099c9273c0101c0a7f17f8ce08e490a000040214208bf820080d31f000000f3633704005fc67f00a199a309d23c6cf991c057266c0eeb6ae54063490d58340000d06a0c9d2cec33fb8f7109f87ad17e5fcef6778a0504001fc6ff71de92fdac3b1e1021ddf5d4d437d5044467c43b1cba726de0e2fdd79eb15917dfc962156a8f0300c0a05565bdac57877d32678fcfb2bd173caf44a6f9913d338d6c9d2d77f650fb835702386b7331e1ff2000d80b80b53c4d8c21cb0e874bad7cb20a2b0a4ffac546cedce871ed9d69dbc37a0c75ca247f438f0d010060823476b572887b75e2960b539c5ddd8f5f8ef1d594544591adb0ae35fb25f978e24d04b84200b035fe6ff114efffe2b80d093a7d8b41eac0d3a4d5e96e24e5666c3e131436fc87a3c12f8cdb10dbc5d2be1c9b0700409ce3fb5599fd46b9f8910f22f74da7833c62d3f2afe95b5af23ab23792bd55d76fb44b3467ef3a0a02805d9eff745e2642f7218e9af2eafa7a49a1a7a8a2b6c6fb7a52e2925dbea19fcedb1bd667f8da34f2bb4dd86c00000c297d72d8eaeb1fcddeedb974f779d7cb11a9176b1bb48964cb6a56621f247b6c79b7c18eb91cbd3fcd39d31902407d01b0839749d0c9c2be2e21a3305f52f9218a58ba995954bccf273c66c29ad3a1af4dda124316472136250080dcc7f75d2c1d625fb1dbec3b71ed99b3c72e457be5165786916da852ed7d2f2ebd20add3a055751cf5cd050800758dffa73c1d779df68f4b94387a6aea9bf451b7f2f20efa46c4cddbea15f6c5827de1fdc7b82476b57228c546060078004d9d2dec93fbda385ffd7cfe5ecf05db7d5c4ff9c57aa7694aafb7b41872c8d662e0658f2302e40667d155532000d431fe7f7ce25f651ab918f805dbbc2324819eba46ad3e262d5f73e442540c59e0d707ae3819fdfa82a319bd6cd697205c1100d34f69db6de89af457661f88fa62c9918b0bb7fbb89fbc12eb9baa290d25463e8f2723ffa867e6468f408efa959e483c0901a0bc0038cccba07f347b77b424f0535aaf93a69cd348c3ce66df66b47b8e34dd27a77986475ae584a3311acb8d57d2de5c783cadf7e88d854fa0b81200a2d0dcdd7a6dc63fe71c8cf9c6e562f484c351c9b33dd3f2e79ccfadb5f3ce6db9b3de175d29901a9a5b44dec2a477a66d0fe5a8df83083f830050cef85bf232d84f8f5c97d6a8d5e9455d3835da1669eec5fc7f1bff47318a8883a9b7c5413a1107b11aabcdfe696f7d7b32f5a9b15b0a9eb0b047e82200eaa2eb31dc39f3d5b9876307b95c8c9d70383a6596675ac12cdfdcbaf15e3f19f947b132b0486a6e31082b001ab5cd8dbd87afb9c5d1b82c800050c6f8ff8d50c2c32077b17228d59454558bba689af406e93bffc2561bff4731d22d479ae29dd33cdd33a3f2adc527508c0900057873f1c99b333dd38a669ecbad1fe7996b906bfd6e082d910ce26a0029b7b8b2b8b3a57d0927e34423b39e8500905f00b8f37287161c9f9523ea6221b65f5a1d5c2c9bf1bf979767eebf89cd1a00f9797de18914a5d6edbe9872a1af02026332929ff857c95e1ec62a92f00b0800f98cff185e16e176b790049117caf68832c58cff04afdc168e1621002645672b47ad8d5b8e41a9f57b36a94a6811b0f1f4b5308ec6eb070800798c7f1742150f833ad6e16494c80be458428562c69f32c33db5804906c6697bb33e5b733eef9d6567f306cc3e54fc8cdd8eaa1e23d7eb3a0f7682e1001da5be93a5436e2f9bf5b79e9fb227eeedc5c7a3be70f48e7a9ecc3916ed99e29e56aee41abe9c592bb40818bee2e8755e7c34082f430074ccf83f46b8c4c380f61fed92a217d859e65c5a8da2c69ff2d55adf7826a198e7324b1fec9f902dd97a64b74cf4c8d24e724babb33b9d5c39f6486cc9f0bd610583365dd57ce2e893fbe6b7a7f25e98b1bff8a971db6aba5b3beb3b59d8c3f099a0d31c19d7a29e239cd3fb4dda99f0fafc23319facf488b6da782566f4bed09b938ec7a6ce704dce99ed955134c737bb7296afa661ea398d6eacc7fdefda27b8a6d5b2788f411bfd6f29b98687bb664be1f9f5c2ee73648f36f4b559c78b1f126dc7af2100da2f00a6f192e92f23bfbc52d445713db74eb256d8f8d38da3c7f075f9ea1f8b3a94cae910755748a4c1ce335b3fc923b371b25b5a8ddda9c4f23187a28b86ed0ac91bb8fe4ace47abbc725e5b785cf3dcd4bd45bdc76caaee31c259db75c81a897c2dc2d82ae87f434f033b5b3916f5b05e97dd77c2f6a47fce3914f7c1f7ae34dc2d76c4aee084f147a253a69e49cc9ae9995638fb5c76c54cdfdcfa29e734cd748ec8b906acc97cef66bd4ef5e8973e633717282de46ddc73a4a4d2466145407a5e5961270b6e3205ba4000b4cff8777a8293748fdb5caf0b7bef1f5fdc78db4b5fe94d63e6b91c2663f5e94af768a5dfad3dc681864d8ef3c8314cf0ccd14ff4cad64df6cad64ef1cc6c98ea91513bc52dad7ab26b4ac5a4d349a57627128a6d8fc6168c3918a919b9372c67d88ee02ccbcd5733be76be94f199934ffa072bdcd3df5e7a3afdd5f9473306cc3c90d57ff2eedca7c76fcbef356a6369f7e1ce955d86ac6e2002954502273d31c4b5dd86ad2deb39727d41efb15bb2fbdaed487b7edabe5b2fcf399cf8faa21337df5de61affb1bd57fc176bcfc77fb3d12f61c8b6c0c411bb439247ef8f48b13d12936677223e73f2e9a49ca9ae2979d33dd28a66786694cef0ceaa98e1935d33dd27a76eaa4f6ee3649fdc663baf5c3d31e02df4fedb9aa3717eef078f3c16737ea2574e93d2ef46fa5bcaa9d28aeb0f70ea5a38270280fa45bd0e01d07601708887017c6fc6ce185117414685561aeb91abca66687b30328dc5f8cc72bfa5e14d00a8cd78f74cd59334adba569467eefd3eee4462058b393fee486cb61aef37d9472395d4eb8415016f4ed97683131140dbf1180440eb8dffab3ca4a5ed6ae550525e5d2fe4595861ad4e9ae8ad516d337c65f60116f76e8d93bc352d1000ea0b00c7a0e21273ef771bb76c43672b47d5f7a537169fbca5d63bcebe902fd53489992d90ecddd55d2c1d8a3911016320005a2f00427828f2732e34394dc4895fa76d91669ecf536d236415fef7fafcc371e66e842000d8f2cafca3c5eafbbd38362a190e782f4bfd0b85cd16e8159c18c7498d13ea1ff53f10008f36fe2379506c362b8fdf1071c2d365ba46c1443f0f08ff63528278f289b80c18210800a6a70007a39964a09be29e5eaee67bee89163751d0d0e5478238390570800078b8f1ff2d2197f540f5b65e93d1a4d50979eee5965ca5fa263870dd8504162734d37d355a18210800968c75cf665207c362f3d564b5df3528a74e480140f672ed93c356a77120001a09dd21001e2c0056f090cb392ead204fc4899e50d2783b1c4f6d8ff71e239c552fcfdccf6e47320c1004000f3c3b69778deae180e3b6aaeefc3ada2347d254370b29026252f3d38c79fa59db975310000fcef857cf7a8096edbd20e4d17f45a35e55a7bfbbc2ff988cd9e87d61b7607c20007860f08e6026576013bd72543f01a315441b7562fa032cda71ee1a2757016f4300fcb70038c67a6006d86e8c17b12a162df0b3fc6a2193cdcff650149bf0bf7339b5303e10003c30c13d9349fd0bdb6371d92cde775378a9900280eced86e7c6ac8fe6400044117e0601f093f17f8379a10d0bfbaafcd2ea0a1127f6a1b80a765ed0730eaa7effffe448178db52b0c0f04003f3c397aa3ea22e0cd25a79258bdef85f41a2145405e495561270bfb4a0e44802d04c04ff9fe99676d3a743e3256c4091d9657cfcef0d0f03f0b7bd5efd52c37f9dd84d18100e089cfd75d54bd1056e7c14ef523550c07fccf1a1b39527a85989902f77987f310664eaf8d7e0f013068d568d683f1d9bcbde1224ee482da6669ac672eb34d6fa6476a118bf19ae195590ea30301c0d535c0d95426be30533c3298ad85e9be7952ad56cc24411fccdac54368e06ab31600343182314102cb6c7f85b50d4d0dc285b6e80dd282cbf94c37bd6f5c2eaa7efcdf75c8ea2a356a1b40004000b4b51856d7a16b544f3863b9252089e57bd39c2322ba04d6d637d12c81058c05003d3ded69ce02c09eb50a3be01b112da282dd1651cabce04d4f06e17f1fdb7be1f81f02804bde5ee6aa7a56c0a76cb765b37e6f9a7b44c4678f57d8750e4e01ce9aa500a009118c89119875fe0b6337c48b38712f67d632dfec5885ff4d75bd5508630301c06571a0e337ab58ac093b06e180f79e7edc2c11b37c70bfd12e3c4405bc678e02e014e34ed7c567146a449bb0b4c29f0d0747e0e30f47a5ab3d669d2c1cb4633d725a606c20007864945bb6a193a583ea7bd9f8e3f1cc4f01680e129a8b44b4272ead2095da02c6b628865558202be3ff366bd5357cc5d110d1262b2dc831e7623e179bdd3fe71ebaa97af19f85c791fd0f02806b06cc3ea47a88d95b4bcf70712de614542ce42980d5778702383805b0330b01600cfb8b64d9d95d2cedcbaaeb1a8573fc3b79b3928b4dced633d7c022fc8f7ce9e4c0c84000f0ccc8fd91e5aaef67839dea588503de4ba080f502882da8ea6c615fca580050ff91ff350701f00d6bb5b5e56c7084689334a74a2b8de024f9cd2caf742615d02678e5e86064200078c6d623ab85896f8c67662517e1905eb9527593785701eb4f06f2902678a539088050969ddcd7c63949b474bfb414f7b77e05fcdc75ee0d4d567bdcfa4fd98bd2bf100042f0cc841d0daad7c6381095c6cbfb8b982a98a6097e6ac4da04c602a082f03b931500d4db917107b7dc48cecd146d727aa55473b5c1bdb1f068bcda6337787b108aff400008c197ce97543f4e7e77b96b024f7d105520dc0dab14969893486d04631b35df9405c005969d3b70f1fe50d12665519d4e1ae5ce4fe29b116e3952172b47d5ef3927bba5c1e0400088710d7032b156edf1e831d2a588a73e987a4e2335348b9725f0f3f9fb585f05d0c4788f9b9c00202f358075b19fb2aa7ae12a58ac0a2ce26a739b792eb781c5f88df3c8d1c3b8400088c058f76c03231f99669efa615f74b97002a0acaaae9c836241934c5100308dfb773cec1726da64f4cbaae56e739b76262957edb17b7afc7678ff43000845af319b558f2d9fec9ac255922c6b427269937022e087fd97588705d21c2b3f371901405ea637cbbb95dec3d7a4e95bc472fda349356c1916fa791083d65f52fdfeff4be78b49302a100022f1c14a4fd5fd00acb60672972763f6857ca9592f96d735b115fa2787adbec558040c372501b0876567064467a48aa6425d424bb8dcd8fa4ddca1fac298782a291f4605024024461f8e513d2df08099075278ec8be30995c29d02f845a6c5321600b1262100c88b3c61ac7ac4a4233f9abd5bb852bfe179f57c3a37d10440835669cd2dd73904000440dbc7244bafba9f939563e30857fe2a65d2fc2559955ae144c07b3376043316015f9a82007066d5819d2c56d51796d708253feb9a5ba4493e1a2e37b5d93e5995ea7b37af87a181001092eec39d5577069ce2955dc7635fd03c262d82e55f2928ab29227d5ac7500004092d00c80bfc9150c3aa03c7389c142edfffcec8327e0dcda1a834b5c7f0fd151eb8ff87001092d7179f543d5cd6f6585c36affde199522ddc29c0c895c7583b04be23b20058c6eceb7fd0aa8692ca3aa1665c526923df8e4dcbcfaaee0038ee486c368c090480880cdf1baeba00f8c4f11cb78299e63329aed30925004a2a6bcb48bfd6331400be420a00d2f0df104a5875dcc81f8e0997f467a97f21b79b99f5ed23cd751ad5439b383dd2840080007814766ee9aafbcbf419b745c3739f6cb9215e9ae0a1cb8fb04e0ef4a288026026c30e6b2c2cafa91269928571eaf8f7eff8ff73b9cdaa57391bb2ba6eb82b0c090480a0270064ee7619eca4fafe37d623a785e70f09d11c020bca6ae8876c23437b76522801401afc0b4236ab0e238a4da8af7fea1c33e7623ed79bd94cf7d402b5c7f1b505c7936148200044e6859907544f0b3cc53dbd8ce73e710a2a16ee14c072e94196a700747df71649008c61d859dabc92aa0a9126d795cc5aee3732ebedd712d51ecb11fbc2d36044200044c6724b6099da63337c4f28f7eb26b1a4512801a029a92a6211027d177b841000a4a18f1112597514516a42a5fcd5ea0dd2644ec3feeee6a599fb6faa5ee3dc23a3124604024064269c4951bd76c6eb8b4e705f3993fa3b89f67cbd683fcbbc00547c741241000c62d849baecc20aa1befedd6f5571bf8951efdd4e960eaa867376b2b0d791df35c0884000888c8d5b369dcbaa8e4dd7a16b6aac05e81beaf724d293555851486d0c43fbb65e040110c4aa838842bb2154d21f6d0b97f9feef65d6b91cd5ef319f9fb60fc7ff100026c133763b5577209be895d3c47bbf50bf27c1ca04489fcfdf7b9da100a0fbf09fb91500a471cf30ec1c7d7a5e9950312647e32b84d8c0269f88cf52bdb0c996403800420098049fafbba87a38b4dda94421ea6750ff27919e344d693eb5350ceddc6c9e05c05a561d439459844813a9ac412fd9b8e708b1817de1e4a37a02a0c9aea9c5301e1000a680ed899baa9fa07ded725908014dfd9fb4821d037c3c677728430110c3a500a0f58b0905acc22452724b4a449a443ca7fcbd973e6336a5ab9ed2d433470fe30101600a8c75cf56bd2640bfc9bbb344e91fea0725d2939c53a26159de5ecec440720a80af1956fc8b126902e5d5344ba224b899e89dab577bb2f719b75503c30101604af41abd51afb2136d8b284eb4d40faa56db229408786fc6ce30860260138f02c0955167186e66160a9559c239a444988d6b965746a9ead7396bce27c26840009812efffe0a1fa3a9ae299592d4aff1c89172a784b8acf28cca5b68791cda373e997dc0800d298bf129a597406516231224d9c94b226a136aed1fbc26ea9eec07432112700100026c5e843d1556a8fd1e80351c25c03507f28ea1725d2f3f6b4ed110c4f012c791200735875c4ca03976e5c084f8915853597d3f3e79fcbac148501337e4c527b4cc79fb8994dbe5e2a41eb187d244ef5aa73f35c13b3a778a46b41eb200240f5baf2af2f3a9161e799a51385b55732abfca3d27345c1e9b05f024301e0c5930088635c2d0900000030176842a2bf331700a4112f6330000000005599c78300d8868100000000542581a900200d789c5081810000000054e7659602c01a030000000030611b4b0170110300000000308146003daeba00203fda95713a44000000c0dc19ca42002c43c7030000004c39a7aa00203ff818211d1d0f0000003085d69978424d01f01e3a1d000000e082456a0a8083e870000000800b92541100e4877e4fa8438703000000dcf09a1a02005fff000000005f1c575400d07b067432000000c02533141100e40f7f83b87f000000805b6895c08f651500e40f3e47a845e7020000005c5349784a160140fed0df08d9e854000000400852087fec900078e25fd5fe82d19900000080505c22fcbc230260333a1100000010924ded1200e43f7cdae850804e04000000c4c34018d01e01e081ce0300000084e6729b0400f90fde41a70100000026c1a7ad12004ffcabd25f383a0c000000300962a86d6f8d00b046670100000026c5a8870a00f22ffc8a90898e020000004c0a9acfe7f187098059e824000000c02499ff300110890e020000004c92f4fb0a00f27f7443e700000000264dbffb0900ae8effbb58acacf862f2b4b06fbfb70adfb3f183b8f33f0ec8f03ff47c2e000000c02bd456eddef0411cb55d9f4d9a7ea3b3c5ca4ace04c077f71300577968dc1b63e7c5904eccd207fcaf2405fe1e0000001016ddd53f48970fbc98f5eae8f9f19c08801bff2100c83ff82b41cfb251bd872e4b27863f031306000080297271ff8ba94f0e599ec15800d0f4c09def1600b62c1bf4c18499510d57feacc30401000060cad45ff9b3f65ddbd9ac1deea7de2d00bc583564dcbc31373029000000981363e68e0d6128002edc1600e47ffc96d0c8a2116f8e9d1b6bc044000000606650dbf7d6b8b9371809002de1f75400f467d180ee562b343597ffaac544000000608e345cf973638fc1dfb3cabefb2a15009fb2f8f1c35bdf8ec70400000060ce9cd8f16614230160c1c401b0aff5d2640c3c000000f07be959eb25375938025201b04ced1fdee6f27138061d000000f8bdb4dde5a3500602601515003b55fe517df985bfd562d001000080df4b1517fe56cd2017cf5ed54300fb5a2fbd8901070000007ee219eba5092a0b001fd52b007e6c372318830d000000fc04b58d2a0b80282a000ad5fcd1f1f3470760b0010000809fa0b6516501504005408b9a3ffac3aa6f0231d8000000c04f50dba8b63fdeff53dbf3d0c1e1eb6b186c000000e027a86d54db1e430000000000100010000000000004000400000000000100010000000040004000000000001000100000000000040004000000000001000100000000400060c0010000000800000000000200020000000080008000e081fd9bdf93162d1f2c2bb7dc7aaafa0ea1c7facadafea023fd546d7fece93eb28f81cb9acffee337925c9f24ffec735971dbfdaaaafda40ff85f69fddacf646bff89ed6faabedeb6387f22fb3814f9fee39e0df72bd9e753c9f97fa8da4f746ec9d9fe1caf2eaab6fffc8f2fc93e066776be0e010001202f7b36be2f7b5fd8db7fadea3b4c5a68236bfbc7ce1ba36afb172c1b22fb182c5f39e83f7ea3f0dc135227997fa3aff5524977f50faaf513156672b6bfe7e0efa5fa2b7f56adfdf1677acb3ececf5a2ff9af3198b5c45af6df39b8e51d55d7c49be3e6cadafecdeb3e51b5fd5f4e9e2afb18b8ab2cb82100cc4000286118de183b4fb5f637f9fd49ea3564b9acedef410c43dd95bfa8d2fe16f255fbdc886f659f8f11279ef9afdfb2983649f6dfb976a4bf6a63bde47b4bd9dbefbdf715d5dabfdae94bd9db4fc5e3bdbf73e5e00bb2ffced0991354eba764d79eb2b7ffb349d3556b7fbe4f27d9f7d49e2aee49100066e603304801c39078b6972a6dbfb07f8022e3e9a592610839f6acec6d7f65d402c970dfeb9e7765ffad6fbfb752a59fe8fbbc68b348f6f64f5d3c42b575f68eed1cd9db1f741f01d67cf50fb74f67e4fc9dae963f489517ff4f957ea2d7574aace95c6f75ae01f66d7a4ff6b64f5c68031f000800e5fc00e4ee0fe7d59fabd276258e3b2953168d54a5fdcb7eb090bded2b570dbcef6fd17bdc2e162b65fdad17472ebeafd8901b7aa2a1c4383f357499d4ecff47c5db9fe2d643f6b6d39323ea1771bfdf9bf7dd50d97fefe48e375459131fdacd5464ac776ff84095f65b4d9f28f44915048099098062df7f489d65360cef8f9fa578bbe997ced3c3be53643cfb10c3a055d83050c3f9d2a885b2b73de6549f07fee6d09976aa5c37c80d15354aad5d7a64ae74fb37aefb54d5d397c0c3cfc9fe7b63e68e55bc9fb23cbb2936cedf4c9dac78fbcb2efc5d76914daf381bfdfe04010001a01c4366c86f18d23dba2bdae6ab879e57744c2f1f50d630449d7c4af636bf3ee6e1fe1747b6be2dfb6ffeb0ea1bc5e7e76b63e62b36ce73c9d7b2d2edffd86e86eceda6d7470ffa3dea18d86ff812597fafbbd50ac5efa1b7b97cacd838d38f9c7b2326e4e6d8b6b7843d8d8400306301705801c340439e946cf3c2e583151d53a50d83bdc3d7b2b7d9d1f1ab87fe66f985bfddbecf95f337a97156b29f12cef452749ca9a17cd051ba1c647b7595bdcdf4eaa5e5116d5ea4c0faf0dcf34fe1bce7d58c661839db56f636d39042080008004551c23028e979ab94f7fcbd21564a1a061a2d21779b6fb6c2f97284029b1435d24af5d31a05bce7ef25f8a872b91f76acff50f6f652df9147fd2e7d27b97f77b282ce684a78cfab19cd507de9af5237ab15b2fba86855f051810040264069f8acf1b2f78bc6bbb362c97fd41857a50c43d2d927656feb5be3e6b6eab74fee7853f6df5eebf48550def3f7b274858562edff7aca14267e175424bf3072b1acbfdb7bc8b2dba1b7a278cfdf2f9aa1e2e2df1469bfebaed7646fefcc25d6c8040801a00e34339a289eb74a78cfab6918689484dc6d5db7ba7546b8eae2ffc9fea5f2def8d98af453aa7b0f55c67980cd2245a21994c8b3f1f2a885ad6e2b9dbf72f7d5a5032f2a32d696d327a932d654002bd1fe090b4609e78704010001f09f8641e66b009a634009eff99715f09e57d3307c306196ec6d6d4b0ae6d173c7c9fefb69eef23b7d2ae13dff20224f3e2d44886d5b9c2ec38ecb7f523667e930d9fba9f4fcdf658f4452339aa1c1efcfd29383e54d4846239c9a053ffe8700108c5173e4350c745117cbec791b7dea2955c7967aebcbd9fe0c0ff9439ddafa054ef38acbdd0625d2ad7e3271866ae3ac440a6b25a26be8fc6f8b581e207302252552402b119df2b06886dacbf246339cdbf7b202426ba8640a36050240204e2b60180e6d7d47e609f595aa634bbdf5e56cff5667f9439d68919cb6b4a1866c80dd65be0690dbe993167051739ce54e614d1d6be58e096f4fc4c5f72b07719f025a09c7d487e1217334c3f46f87cbde461ae60c010001a02a4a188661327bdebe3176aeca8661aeacedff7cd2342e722ed8ce1fcdb5d3e7ce0d1f4a6aaf63ea9c2957fb8f2be05343c56f5bdb41af36784e017ddb7b5ee6ab473553ebd2637ab91392ddafc813040004802a8c9b3786db3ce24a78cfb7ca30b8ca6318f27c3acbdeb68fec66b4ab2df42b48eeb6d0ea923c7bcf3f0a5a5e57aef6dbcc91ffab9656146c8fcfcc3f472fe03605b412a78e6a66d7f357202119cd71622af60402403068d9495ef388d30d9a8500a0054a782dbfdcde844bb414aedc8e4b72397d1629e03ddf1aa87326af31e11d39895a652f7f2a65b95240cbfdc1a176821d25ca7907a9586513020002e03fa0e93e69f9491e3d6f95f09e6f0db44009af951769a6b9f6b667d2421bd99d3e69d1a18e7bcfbfcb649c29991eddb88c09a70991dadb9ed8d37db84c014d45680f99f79ad632e3dbe1b22424eb3f5cde84640f2bf204010001a00a1365360c7278de667a7463661428b450096f4597a83f4147dae4a380f7324d2bcda3f77c6ba1f9e83bdafef10af85774f41a8ad689e02d05342dbbcd6a9c6f87d975f09e5d8972de4bbeb7944cc99640000888b7020bb3a39eb74a78cfb785edeb3fea50fb693484dc6da269663bd2267a0f4ab3bbc9d9269a519237eff9b640f3d1f31613feae6dc7132d3939ca9f52b9a329a0272f1ac9744dfb77d0d35e89846434cb290400040053a861a08e3272f6d1a40e7ade7e31791ad3cd823aa575a4fdd632a75aa677e4d4a9b0a3633d6df10859db453dbaab3ae0f4a984f77c5bfbb5c0a71357a72a723827d23a113ca580a639ee69d96d96634defef3bd2a77227247bd166d1238b3c41004000a8c254990d43473c6f95f09e6f8f61a0a95ddbd37e1a052177b1a58e0a923b5cd83f40f6bea29eddbc24a36a0f342f3d2f828a425322cb31d6b45e042f29a0694a61d6e34cefefdb7bdf1e734a7ebf8ad61479820080005005ea252b773f5163c38bf77c7ba0ce69ed69ffa99d6f701b72a755208e997a76b7370f85dcdef3edc16afac476c7843f25f357ed871366cab6a669bd085e5240cf5e328c8b354deff1dbd37e5a7a9bd7c80a08000800590c83dc9b597bab5b594c9bc4c566419dd3dad37e1a05c1cb69c4fd9845c645cef6d12812eae1ddd676b8291082da1ea80f42d985bfb7b9fd570ebe207b5b36c9986299d68be02105344d7243530af330d6dfb5f3abfb4d994f53da52e409020002401566ca6c18dae3794bc3ca3a33740abbd730b4b59c68ad02d9152d642eb2a484e1a28ea43c54546b2fc7b6bdd5e6f6cffd6e2897618977f3fe78794369db93023af0f073dc8cf34bed30bcc9aef20ba995ab064a12040004004fd07294ac735c1f56b150486ba06593dbd27e4f0532eeb5f72ae28147d70a7c91511f12d6def31d8166f26b4bfbe95d324de12a671b683124b9d734ad1bc13a05f4e2e5565cade9b616fc52a20fdb52e4090200024015a861784666c3d056cf5bb9bde73b0a2da5cb32d94e179992eddccb3c99bf5ee9f591b60de54c95a8a8d6a16806ab15b733fab5b6fd4147fa719993e05e68dd0896fe28d4cbfd85918bb91aebb65682a4e9b779cba900010001a008721f6bd24c57ad0d75a952c07b5ecda4464d0a84530e9d69a7c8382b712c4b4f90587acf77149ad1afb5eda7095ce4fe7d5a115189b196db80b5e54a2afc785feec6b92d9520b33cbb7251e40902000240150214300cadf5bc55c27b5ecda4464a84d81d9121d3de838eb0e54e6b4ac5232bef7939a03e09ad2db84363b8794a48f43068fd085629a095284f2c0789675b97d4882604e32da1120400048062508fdd7ec3e5bddb6c6dbceb58468542e44a6a24b7773d3d0da199f2941a6bb9ef66e9bc694d9cb5124e8872407d12a86fc2a3da4fc3b7e4fe6d5a0e59a97156e22bb6b529a05f19b580cbb1765eddba644b7257a9a4d104a66a3b20004c8445cb07abee794b8b12b12a14f22868fadca6472435a2fe1372c7d78f986dabe8385f3f2a7f6ef3e0a3fd54f73f9013df56548da31edc728779e677201b616ba0defb6aa78056a228915cd0e88847b5bf50812a951d29f204010001a00a741357dbf35609ef7939b9f888a4465715a8137e72c79b8a8eb3120e5a4b57583ef2ea41ee13263999de8aaa71d4894bcedf1c3875b2e26b5aeea36c9a02fa514e934a24cf9113ea20a97695ca8e167982008000501c6a189e1f21af61b07778b8e7ed6499bde7e58666327b58fb17ca7c6a42bdd23b9263bfb52c5d216f819301368b1e7adaa384b854337705bdbfe52915716ba1a17b72b7fbcc235240cb9d8a586ea86fc4c3da4f1d70792bf204010001a00af44b4e5ecfdbb90ff59e97bb4a9ddc296669dcbcee0186810a261aedc032fcb0bd28e1a51d79f269d5e6157548933b71d4c3aac6d1235cb9db5f2463964735efb31f96025a89e43972afe9872535a209c0e4ae52e9b2e63308000800310853c030249dbdfff1d74505bce79528277ced48fffbb69f96f454fbeb4a2ee8d7fa4b3257397b509cb512def396d327c99e3afa61b92be8579cdced576b4dcb5d63e36129a0e54e9e438d314d93ac5652a3130a54a96c6f1d0508000800d5a19bf5009937eb0779dece522205b1ff1f65dfacbffdde4a953ae134f7404d2b730fc8c18a55dfa812674d4f06e45e8b07b7bc23eddffc9e2ab92b68953eb9db7f60cbbbaa8db3124e6d0f4a01fda1dd4cd9f361d0af72b9f384ecdef0c17ddb4f4fe0782df204010001a00a72c7f07e3061962ad907e72cfd573c3aadab2ee7df7d71e4e2ffbadf36285027dc76fe6855c7993a68aa11672db7f73cfd2a2c3dff77a9c857fefa11f7cb5db171dda78ab45fcdb11e24f369c9fd52402b117678271f068d8c91f3ef0eba4f522325ea79c859e409020002401594f862cbb8a7d889128987eed41f50e28bedde129e34a737abc44372f2eae8f98a9ff6c8ed3d6f7d57281a3d4a573a7705cdd52fef57ed04d5c759eed392fba580deee226fc401fdeabf53948b46c6c8ed8351ecfb9f498d3c148848caf2ec06010001201eff1c2d6f220f7a37af64ce015aa0e56e673d7aeaa064152f9ad653ee6434ed29addb5168948692a73d4a78cf1fbfab5093dc868d9eeadcdd7e9aa657eef61f6d4705c28e52acc069c9bd29a0bf9a3255b17c183432a69bccd70087b6bef31fed9f287344d2a713a74be6622f20004c0cead02567df7d3e699aa2e186341cefeef66f582befb1edeb63fef37e9b4637b0c83a2837f1677acbbe4eee2e6dbbd6e90bd9e3d0ef0e9354c2b0c59ceaf3efbf4f33f529f555ab364366c81bde76770ae8029f4eb2fb19dc9b0f63d41c79efe787dd7512a3443d0f7a2202010001202471a7e5370c793e9d15f39ea755da94ae8676d378bf4da31ae4fedb3efb5e6636d6728b99bbabdbc9ed9079bf3049abe91365fd0d9ac846a9103aa5b33c3e0cfac5ab540a689ad340e92a8da777be2ebb18ab348a4925ea79e47a77810080001017ead52d67ffdd2927ba5c6627437a9a70bf5cf47257435bb7fa0b459c0c692e84c647a41c5612b963dcbf98fcafd31e1afea44698a4dc99dbde32e66d2f52c07b5ee92c8f0fa3ecc2df658f71bf93025a6e11763fa1470581dc39014eee7843918824258b3c41004000a8c26a990dc31dcf5bb9bde76989d6fbb57fb3ccf1c377f288cbed5f30ed3e1ed56a22f789c69d1cf772c76fd39a11f70b9354e21a8026b4915b58dcefab566da803a5bc29a02d6e4734c8ddff0fca873166ee58597f87fe3d252292763d20cc100200024018684897dc9eb7970ebc28fbb8d02b85fb5743eb26fb6f29d1fe0b8fa837a006efd8ce913dcd2d758292f36f8e7f4898a4dc5fa034a18ddc2961a9b1613dcec7654e74437386d00a816ae5c338bbeb35d97f8b5ebf8956e4090200024015de1e27af6190fbeb9f66986b7948295ab98d90dceda7c98bee0da76281dcd71a4ae483f77c4898244dac237752a32e2a7dd5aa49a502def46ae6c3a0b1fa72570f95bbfddfa850e4090200024015685c37cf853da83fc1c3da4f1dd2786e3fbd7be4619c95c89d2027d443bbc1efc1619225e7e5bf061039cbe3c3b09963cbf5583f2a1f0615083cb75f8d224f10001000aa90e2c6b7617858011aa5e2b8e5e4cac117b8196b9ab694d77e9abc68e423db3f78c6446edbaf7696c787716ae71bdcf6536bf261b8ef7e95dbf6df2ef2744f822108000800a191dbe94d2e5e19b5e0a12568ef407310f0d87e5a69f0612568d54689a22b7271fec7971ed97e5a1f40d4af5a3551c29b5ecd7c187557fe72bb20118feda7be28e6682320004c18b973a1cbc52afb81ad6aff8ef51f72d9fe79772552e101259c26954a3bfba06b802e1c5e033cac7a1e2bc6ce1bc3e558b7361f86dd82515cb69f8a500800080093826676e371b1dd9db1ed61d0d29f3cb63ff0f073dc8db5dc4e936afb49c89ded4e0e2632caf2f8305c65f6a6573b1f86e7de57b86b3f8b224f10001000aa20774114b953f33e0ab9f3947794fec3bfbd6ff222d6c85dd0456d3f09b9b3ddc9c1834ae7b244096f7a252a0c3e08ea104afd05786a3f8b224f10001000aac09b37fddde95a5b03adffcd53fb172fb7e2729c69fa5291fd24e817184fd700acb33c3e8c099c1da3b7351fc664998bf78858e409020002401578f3a6bf799fbaf30f235f8162251de1fad167b91d6b9e4e4be62f1bd2e6f6cb9dc047adaf5ab5e1e918bd3df930e44ee0236a91270800080055a039de79586c7772b5b79581532773d1fe17462e7e68f222d6ece2e8b4e4da91fecc8bde889ee5518463f4f6e4c3a0272bf4848587f68f6458e4090200024015e42e8ddad1a23c6d65efc6f7b9683fcd9fcef3381770725af2dc88f6f9492851f446c9e80596f0728cdede7c1853168de4a2fd2c8b3c41004000a8022fc7e8b7dc7ab6abfd4a54776b0fe1c7fb723fd6df70705af2a0224fadbb0698c0bcfd3339c9f2f830ce71708cfe4c07f261d0fc10acdbcf4391270800080055607d8c7ea7225f7bb198368969fb5f1ab5b055c98b58f3a3ccf5dde52cf2d41ae42e50d31e2e1f7881fb716ef2fb93d46728db63f48ee4c3e0a1fd3c14798200800050857d8c0d03add2d691f6efdfccb6fd2b567d23c4382b5162b7ad55e63a2294585f033cc35996c78731fddbe14cd7444007f361b06e3fad500801000160161431360ce91edd85366c51279f1266ac59e6d6fffe11459e78bf0698b374a830e3ac4489ebd6d26ff81249d741a17471ff0066eda7b9146a3929f204010001a00a72d75e6f2d1fd9cd10dab0bd3a7abe50e3ccd29b5e0ea17484e135c0d543cf0b33cecdfe7fbc1d86c7a29f162d1fdce1f66b19b69fa7224f10001000aac0aae8ca16e74f846ebfbdc3d7428d33ab6374b98452f985bf3169bf1c5fb56a337bc930266b22f8683f59da4fc308cdbdc813040004802ab0cab696edd555e8f6c79fe92ddc585bcf1a2fa9bfcebe92adfdc3185c032c94e1ab566dfc0e3e2f743e0cea70c963e962080008009344ed8d9596f495b3fd6adf0fbf3176ae90e37c7cfb9baa6fac09677ac9d67e9a9e55edf6071de927dc385387459a7659d47c18b4fd6a5f034ce2b0c813040004802aa8bdb1d292be72b65fedfbe1d54e5f0a39ce9517ff4fea66f903f7591e1f760dd055c5f63f3f623197459e5a034dbb2c723e0cea78c963e962080008009383e6bd566b63a5c97bf27c3a0b6d1892ce3e29ec58dbccb1e53ecb232fd7181d495ec41a5a9e5a9430cffbe17f48bd6b0c9e8b3c41004000a802cd7fad46bf7f3d658ad0f7dbefd8ce117a9c4fed7c83fb2c8f0fe3988aa7551d495ec41a7a7241cb548b12e6792f3a15af31782ef204010001a00a2777a86318f66c7c5fe8fb6d97359f0b3dce34cd6977ab158af7d3071366097d5af522f9aa6d11f4f8ff0eb44cb51a6b22f2e4d3425f63f05ce4090200024035c3d04d61c3408fff0bcf3d21f4fd76aa7b0fe1c77aecbc318af7d3c6759f2ad6fee12a9cf62c57e0ab566d68996aa5fbe99fa317087d8d214291270800080055a079b095ec739abb5fe46b8c0f27cc34897176dbfdaae2eb2bd3a39b62ed57e31a20e2c433c28f333dc1a0e1798ae6c3b0572e1f06bd06a07918782b5d0c0100016092b8ee7a4dd13edfbff95d85af3194bd06d8b4ee139318e7ba2b7f917a0efe5eb17efa74e274a19d565f16a4c8536ba0e1794aae89b8d3cae6c3a07918ccbdc813040004802ad03cd83d14320c34677fc9f97f087d8d91e5d9cd64c6da6ec128c5fa69bbcb478ab77f8482a73d2b570d349971a6e179cae5c398a778fb691e061479820080005089090a1986a133ed5469ffe8b9e384fcaa551bafbdaf28b6b634de9d156fbf924e9f31a7fa98cc38d3930c5ab65ad47c18349ae1b911ca4433ccfd6e28f67c080070379e0a19069aac478df69fdef9bab05fb56ad2e0f767a9d790e5c28479decfe953896b80d7c6cc37b9354dcb568b9c0fe3dbef958966e868e9620800080093831a061aea263774c356a3fd3597ffa248fb8b148a5e6009154b72f7939aa973b7b97c7cbb029d9cb89a603df80c8f6eb28fb39a8238c5ad87eced5fbff633e18a3c410040000000000010001000000000000400040000000000010001000000004000400000000000100010000000000004000000000001000100000000400040000000000010001000000000000400040000000000010001000000004000b44500e8d5fcc11f560d0cc060030000003fb1daf14b7f9505400b1500056afee88405a3fc31d8000000c04fcc593acc57650150480540a49a3ffac9c419b80200000000ee62d0b4c91754160091540078a9f9a37dad974663b0010000809f787ec4b7c12a0b002f2a0076abfca3da9acb7f29c78003000000bf971afdfe54416c639dcab6782715002bd4f63cdcbdf10338020200000084c35bdfbeaab61d262ca30260a2da3fdc6ff892500c3a000000f07be9b911df5e6720006ca900f89ac10f4beebb5fc52900000000b3c667dfcb2c8c3fe5532a005e62f1e33dacbe4fd4faffb11a130000008039426c607dcfc1df27321200fda900f815a1864503deb19d7d9974820113010000809961787fc2ac2b8c8c7f23e1b7ff4f926e67033cc3a811d2d4c523bc31110000009813c4f6f9b0b2bb340490dafe3b026034c386489f4e9c7e4177f50ff598140000004c1962ebea3e9d34dd97a5cda50e80770b803fab5d13e05efa0c5d161d79f2e9484c10000000a608b17161c4d6453036fed4d6fff5df02c02802021837ea767182b76de75c893ef55404e92c3d260c000000c1d1c59dee1d4a6cdb79d61fda46aedeb1fb770b80791c34ecdf74b15899fdf594299756d90fbc7062c79b7e374e3c13423af106000000c02b11c4569dd8fee61562bbce0f9c3ae53cb165993cd956c2acfb0980de9c351200000000f2d2edbf04805104dc44e7000000002649e4dd36ff5e0130061d040000009824b31e26007e865300000000c0e4a0be08bf7aa000308a000b7414000000605258df6befff4b00184540183a0b0000003009c2098fb556007c800e030000004c8277ee67ebef2b008c22e0123a0d000000101a8f07d9f9870980570806741e00000020243ac2d36d16004611e0880e040000008464f3c36cfca304000d0bf445270200000042114c78bcdd02c02802fe484847670200000042904df8dba3ecfb2305805104f427d4a15301000000aea9253cd71adbde2a0160140143d1b100000000b7b410be69ad5d6fb500308a80b5e860000000804b16b5c5a6b75500fc9c90844e06000000b8e2605bec799b05805104cc414703000000dc504ff8bd1a02e0cf84467438000000c00587db6acbdb25008c22e0083a1c000000e0820fd51400efa0c3010000002e62fe1f534d00184540323a1e00000060caaaf6daf18e0880b9e8780000008029bd580880bf109ad0f90000000013aeb5d7867748001845c0310c00000000c084f12c05c07b1800000000408cd87fd904805104dcc24000000000fcc7fecb2d00e6612000000000fe63ffe516007006040000000488fd9755001845c071561d3163a3bbdbd980782f515873e156e44ccff47c517869d601d5f33d8c3e145d37c5235d0b5ac73cd7c46cb5c768eca1a8e2d9de19a095d81d8f4b557b8c06ccf83169feb9cc4a515873393dff42784aac28ac3c70e98688b1ff4a0880f75975c41b53b68649023de50d7a69947b8e34ec6cb6108c391091c140005489d23f3ce018545ca2f6188d77cf6c41dfb79e092713f3555f47fbc26e89d44729654d226de5d27b3376c68818fb2fbb00308a8014461d61884b2fc81069e21c4ba8106651cef0caac527b4cdfffc1a314460302c094f862ed05d54fd266796508b38e9c434a8432fe37330b8ba9ed1131f65f2901309f951a7a67fa8e1091264f5d738b64eb952bc4c21ceb914327798b9ae3d96bf4463d8c06048029f194ed768dca63d432d13b57887534dc355bcaab69164a007c347b7794a8b1ff4a0980bf12b48c3aa42539bb384ba409e499522dcce6f5acdd8e4cd5ef98ddb30d301c1000a6c0388f1cbddae3d367cca67451fa6767649950c63f25b7a444ed8f223963ff15110046117082952afa60d6ae60912691566f90a69cd308b140073a5f4c527b3c6d4fdcac85f18000300526bba6aa3e3e5f38f9c48bd03736ee395259835e2801f0f9fcbd1122c7fe2b29003e60d831fa544d698e4813c92fb3568c0dec54629edae3f9f9ba8b25301e1000a680d5d640d593a54d3e119f2942df1c8daf10caf8a7e79595525b2372ecbf6202c02802625975ce2773f7048934995a0c9234f7623ef78b74aa774ea3da63f98cddce46180f080053e0f9e93fa6abee00782e87fb13345bcf5ca94edb229400f87ad17e96a17fe972c4fe2b2d008630ec205d5641b946a409159e572f84934e97c14e356a8e65270b7bc9c60dc60302406c46b9e7183a593ae8545d3b960e3522841abbdfaa12caf867175654501bc3d0be4d91db5e2b21007e464862d5495f2efc315012ec59ea5fc8fd627d7dc131d58f31279c4969801181001099291e19956a8fcd4b33f7dfe4fe5ad14773db0f4aa4c772e9c13086c6bf90f06bee05805104d830ec28ada6b82a5fa4899558d2c8fd4636724f489ada6369b925b00c460402406446ec0b577ddd586f0fe45e005cc9ac15caf8e7955455308c72a32c56c2562b25007e4e4863d55983be3d1020da2980537031d70b76ba477a99dae3f8c2cc0388048000109ad7161e573d01d04cf7d4029efb64cec5fcdbfe4f223d43971f096568fc6932b6ff1546001845c078861dd65850565d28d4fd529556b2e63995a957aeea71af5d063bddf63f802181001091dbbe334356d7a93d36d3cee56a79ee97b0bc7aa18c7f61790d35c08d0cedd96aa5ecb49202e097c68a454c3a6df07787af8a760ab0e54629d71b5a9f319b550f07b4734bd7c29840000819ffef95adbaf1ef6ebd4ec3f38704f57712ed19f9c331965fff5478fc5d38016014015319765c7d71456db14813adb84ec775a1a0cf1cbd553fce1cbe37bc1cc6040240c80c804762b3544f88b6fc6c1ccf7d9254da2894f12fa9acabee34685503433bb643491badb400789c90cfaaf386af38ea2f9adae43945b0ddb1b85cb5c7f0f5c5272100200084e4fd15ee89aa8fcba1c854a4fc95ef19e370328465723bc293c20a00a30898c3b003eb44f305a0ce31dffa15f0e908e8cde04873b8336a02400008498f11eb551f97d93e59153cf6c5241fcded226882ddfd5776b2b89d7b9f95fd3aaeb47d564300fc8650ccaa13df9dbe234834d59955a9954670e8fc36d22d8726196954dfd864a13a200480504cf4ca611132a6b5f5cce55230870be6f8479f8f66ef0e6768fc292f082f008c226011cb8ebc1c911a23dae43b9e50c9e5c6f6d2ac03a96a8fdfe8c33155302a10004209805349aa3bcc3e6bb72399c7be70092d11cef8074467a43236febe6ad866b504c0ef08e5ac3af3c961ab6fe95b0c42959c6ad61ba4d917f8ab133074db35d517c6072b3d4b6154200044e2cb751755bfff1fe47291bb0a8034df7f45a358d5fe88ad30f41ebe268db10078c764048051042c67d9a1cbf75d142e395072691377b901a6b9a5a86e6c7a8dd9ac835181001089a76cb7a91e023ded4c520e6ffde097552bdcd7bfe361bf30c6c6ffba5a76594d01f047634623269ddac9c2beb2b4b24e3837d47dd1e57c39f378e732298631d63d1bce8010004260eb99c3a45cec4cdfdc7a9efa6155609170c6bfacaabea6b3857d15630130d0e40480510438b0ecd8cfe6ed15ae505043738b34f59c86ab0daee70817d59d3a6d4f26222d300480180580dc52555f1f5dac1ccb47b8f1934384e63329aad3092700062ede1fcad8f827c85df2972701f0171a9ac7b0730d2109d937459b9451050d5c6d701fac70533d21d097ce97e0070001200483b75d537d7dbc3eff28570980bc52aa8533fe37927333495fb6301600a3d5b4c9aa0a00a3087066d9c17d86afbd69304806d126e7a6707ed2048f3b14a57a86b36726ec406960080021e83f794fbadae3316a4f48122fef4ff3988856ec87d804a9af8d731263e34ffd467e61ea02e0ef4fb04dad28ad3b76f59a6802a0ba494f0bf2f09110c82bab86c5b8d97a64c1e84000708d9d574e338bb531cb2bbd988bf2c7aed9524e9556b8afff2d678323181b7fca0cb5edb1ea02c0280256b1ece8ce16f66555b58d55a24dd2c09c3a2e36391bb71c5aa9af56ed711bb93f1269812100b866fcb1f81c067b5ad378af5c2ec6e3e4cd4ae18c7f755d6343174bfb32c6c69f5e3f3c6e2e02e0b7845c961d6eb1e4a0700e81f4710a2ae662a37b6fd959d5ef3907cc3e5409230301c033af2f3caefa31f23fe71c4ce0e1dde75ccc979a5b84bb5da535634238f8fa1fccc216331100461160cdb8c3f5d1a9f929a24d569a5463a237fba88089271234aa87725a3a48a3dc100e0801c027633d725ac81c553d05f0f84351693c9c0a66548877f41f9f5148f7311d635b14c8ca0e331300461110c8b2e3fbda38c789780a70b3a4511aceb856c064ef5c26779de38edf445a6008003ec3ff5c530a99dcff9fcb611eff7f39b356c4ad547a61ec8678c6c69f461dbc64ae02e00563c9436603b0ddedfa751127ae5b7215f30def99f1db548f06787b996b318c0d04008f7ce2e0ad7afadf9e239c73ad197f0c6c8b2815d2f81ff08d88e6e0e87f3f4b1bcc54001845c00e9603d0c5d2beb8aab6b146b4c94b6fdad604b3f50718baedda2db5c7abebd03586e1ae30361000fc55caec3664b5ea19e4063a5f609aff7fc1e57ca9492fdebd7f6d435343572b8742c6c69f3a52ffc3dc05c05f58160a32960c0e1551c1d66a5ba4e9be79cc16ff0caf8c4a16e335e16c6a3d8c0e04004f4cf7caac6092fed723b59099cf8367ae5450db2ce4d7ff67f3f68673f0f5bf94b5fd652e008c22603aebc1d8ee765d4811905ea1bdfdf5c1caf1a7b395a3eae1809fafbb5800a30301c013969bfd592491699ac030fc2f2caf5e48e37fe87c642c07c69f5e9ffe1a02e05f02e0e704a6ce189d2c56d5641756148838a12fa4d730dbf8defdee8cea1bdf93a3376a61742000788156ecec356a83ea5131afcc6617fe7728ae4248e39f5f5a5dc141b11fca301e6c2f1702c02802de673d28cf8e728e6f31180c224e6c56a982279e486092cf61827b26440004001fc7ff3e39f52cd6c0f84391a92cde77f9d54249c06bffdbe97e07d86e8ce7c0f807f16277b911004611709af5e0ccd9ec192ca20068d419a4b917f3cd261c70f08ee042181f08001e18fde38d5446e17f75aa0b7e6fcded5c24223ecbf65eb8c181f137105e8100b8bf00e8c6ba4e00a1392c31274dc409aea96e96467ba8ef0ff08cadfae180cf4eda5d03e30301c003cf4dd9a37a344c8fe1eb346a47c3d0df4b286914d2f8c7a515e4519f090e04c0419e6c2e5702c0280256b01ea41e439cb21b9a9a9b449ce8410cea050cdd16788bc5388d75cfd6c3004100709010cba076ff7fbdeebceae17f34f788884f9356d7d2db7a4d0607c6bf8ed00902e0e102e037c6b2884c076be0e2032192a0cf9ee87275c3013d33988440d91c8c2e8111820060c9a413094cf6aa19eeea86ffd19c230641f7439b95c77938faa72ce3cdde7227008c2260080f0376ca2f3656c4094f0b722cf52f546d7318e5ce261cf095f9479115100280296f2e3a9ec0606fd2aa19fe37f37c9e54a76d11d2f89f0b4d4e637142731f6895c8df4000b45e04f8b31eb4ce96f66545e535429e7bd534b548b32fa8e714f8ced2d3aaa74125a243b24171200800468cf3cc3574b2b06f54bbef5f9e7de0a69a4e7f85b53a218d7f79757d63572b87124ebefe87f36867791600cfb1ae1370fb2bd36e73b4a8570125f53a69b28f3a9503279e8867120e38ee446285b91aa011aed9d2188f5c8373484936040083f03fb794021673def660842ae17f633d7285acf077e7796fc6ce184e8cff755eed2cb702c02802b6f03080f607af848bba0872aab4f44bc564c301dffbc1238f976430f42ac4967c154ef2d1e8a79dd334cff4d534cdf6d5d4cf399f5b33c737bb728e4f56e91cef8ca2591ea979335c93b3a79dbe9931f9786ceaf84391c963f685de1cb1f35afce0cd7eb103d79d8ffedcc133ea83e567a3de5a743cfa95d907629e9fb227aeeff8ad377b8f5a7fabdbb035199d2d1d68e29952633e71f585b285bda1cb60a786eec39d2b7b8dda58faf4f86df9fd27efce1d30737fd6abf38f66bcbde454fa072bdcd23f73f449ffdaf962bae5e6ab19c37604658ddc1b9633e660a4c6f6686c81dd8984a249a7934a27bba6544c714bab9eea91513bc533b361b25776d324af6cdd04cf1cfd388f1c03ed571eeb3f7ce6e0cd24a65c8df03f9a5d34beb85158e3bfcdf57a0227c65fcf53d89f6802e07f08e91c0c62636256519ea88b21a9b451b271573e3cf069dbadaa7f8976b35ea797b31a1afdaaa6f7abd37d355a62b86be79ecb2e9fed99963ffd4c62e684c351c9237706c55303fdfeb233512fcfdc1ffbf4b82d37bb0d594dc3206961119a614ccbc9c6637274b27490ba0c592df518e1aced35665375ffa97b8a5e5b705cf3d14acf9c81ebafe40cdb15a2197328bad0ee5462f964b7d49ac99e998d769ed9ba31ee39066b05d260771de254a6761f741fbe2e5f693144fbea7a6e9db0c63f23bfbcb293857d1d27f3d689671bcbb500308a80b78c3593990e649fe16b529b75fa16511745787ebde25f5143b6b209079ce09a567bbf4d8cded14e3da7d1cd3eafa99f4bbfc0bd330ae997f7a4633129a3f78624586eb81cfdf10fee51afcd3b1cfdacddf6f81ed66ba9c350114107836b62e2c1c2feb6587c6adcd69a1766ec2f7ef3db93799f38f8e40edae4af19b127ac60ec91d812bbd3c99593dcd2ea267a6469c77b64b7d8b83d78aecff26653fce7abb5be8a87ff9d4bab11d6f8eb5b0c52ffd12e299cccbb38c2af20003a2e02d6f030a00317edbf2109fc5cceac35c970c0e7a7edcdfac2d13beaadc5c7a39e9fb23bb697cdfa64b2e1539f847a183fd05147d31e235c74cf4cd8513560f6a1e277be3b9bf7d9eaf3790366ee6715fea76821ac630915226f71d2588793519ccc1d7a25fa02efb6551401f02ba39a623eb02b7ebc1429f202399b54a57438601d0c0700e285ff6d8f2813daf86f770b49e068acbe13c1b60a21008c22e0794eee57f55ec189b7445e28fb62ca950c074cc2460d8002e17f33f72b16feb73ab858c8023f779ee0f8ac1c8efc6fc269855b0800f945c0624eee13ab6fe594148bba586855ac0da12532860be548533c339b279e4aac7e7de1b11c6cd600c8cf5b8b4f244ef7cca89ce29dd34cbdf4e55abfdff9174a4d025b7f4d495575172b87524ec689d6b2795a149b2a9a00f81921988781ee39d429b7a2a6a149d44543b305ae0c2c6a7dd21362e4a77a666a279d4aac1cbe3ba4f0e3559e79cf4fdb5bda75d85a3d366700540fc3d43f35764bc15bdf9e4cb5daec9f36e168ac6686477ae5549f9ce6516d88f8a115446bb4c2fa364b8d5a9dfee991ebd2381a9bd922d954a104805104f4321655603ed82f8ddf7453e0c000a9a1b9455a74a5e0df9bc178cf1cc334afcca649a76e560cdf75bde0e3959e9ae7a6ee29e93a740d8c3c00e2d0d27bf4c6c237171e4fb3dc7885888318220ed22aa7137130fa2e7130e59c462aadd749223f1fcdde1dcd51bf5f253c0601a0bc0898c4cba00f5f71344a94c542c54a664179bd4f485286d311bf189b55c723df9ab927e9b929bb8bbb0c7642e81b00a68fa197cdfa92d7171ccd18b8e264f482ed3ed78f5c888a8949cbd7d4356af52219ff05dbbc2338ead71a420fd16ca99002c028027c79197c971381f13cddef671756d412239fb6fa887f94cdcae3e1af4fda1af7e4b0d51a63680a364100c07de96ae550da7f8c4be2170bf685cfdbea1576d037222eea565e5e4d7d1357e2e0b47f5c2227457eee6027a21d1559003c4128e764f075972352b3d55e046555f5f477b3561dbc1cf5cde20311cf8e724ee964618fd8770080fc5937073b16be36694bcc8435a743f7f984c7dccc2c2a6671059a905198cf51a63fca3951eda8b002c0280286719330c4d2be92a6a054e4aebea9598a48d694ed700bb939d6e164e42b769b6f12a55e864d0900c098a63ec3d7a67d3a6f6fd8925dbea1ded793128b2a6a154b25585e5d5fdf7d88a386a3f7a71fa14f4000b01301c778990cbdadd7e4d4d437b5dbab86a6b14cd394369dbc129331678b67ecfb3377c6f71ab63a8f8754c80000d05aba58da97bf306e43ecf01f8e066f3e131476232937a349abeb90c7a18e6c902f8edb90c0d9bb0e17d97e9a8200f813218f9709f1e6946d892d8647c7d41695d74817c3538a561db89cf8cdb707e29f1de592d9c9c2be099b0700c044d1f718ea94f9ceb4ed6133377a5c3be9171b99555851d85a013064d9e170cedee7b4e8f65378016014019ff23431ecd69c89bb33696b1bb45278526edd36d7ebe9631d4e26bc62b739b5ab95433536030000a089d556d53c63b32e7ee0e2fdd71c0e5db916109d115f53dff41fd708eb8e074470d66e5afdf32f1000fc8880ed3c4d90d7266d497b72d8ea622c700000687bb822f950d2bc326173d8b0e54702398c601a680a76d39404c06f0989583800000014648ba9d84d9311004611d0875089090a000040010208bf8000e057047c01af7900000032430b9dfd9f29d94b9313004611b00493150000804c34125e36355b699202c028024e63d2020000908151a668274d5900fc0f210e131700004007d860aa76d26405805104f47c829f7a01000000c4c28ff07308007145c0c734031526320000803690650ac97ecc5a001845c03c4c66000000ad8456557dd1d46da3590800a308388a490d0000a0150c3707bb684e02e03784284c6c0000000f619db9d845b311004611d08d5082090e78a193a583b6ebd0d5b53d47ba94f519b3a9f059bb1db9cf4fd993f5f2ec8319af2f3896f6ced2d3a91ffde091f2b9d3b994812e9752ad365f4db3de199c61b3372c73ecc1c8ecf147633543b705a6a9ddeea13b82b3e86fd336d8ec0dcdb4de11946eb5d93f8db491b4d52785b699b69dbe037d17fa4e7d27ecc8ed4ddeb1e7089732facef4dd310700675c3465a73fb316004611f01e4187890eda43d721abeb7b8dda58dc6fd2ae9c7fce3d94fedeb2b3a95facf14d19bc25208d1ae5f1476334934f27164e734f2d9fee95513ddd2bab6e9a7776e354ef1ced24ef1c9d9d57ae7e9c678e61947b8e64ed9a2d0d3bdb71c86fd4aadd0f133cb29ae4683bed83d1a42f6c3d730db46f267be7ea685f913e6b98ee9d5547fb90f625ed53d2b7b9b48f076fb99af6c56adf54daf7ff9c7b38bddfa49d39744cba0e76aac31c051d2083f06773b2876627008c22600626bb997e715bd8eb5a6fc0336ba8f1a686db9618ede132196cb921ed145600c8cd08b77f89092a24e8d8dd1ec3ff1010a1770444cabf04c4a17f0b083a37b046cc162a1e9f33375b689602c02802f663d29be117fcd0d535f40b9c47e3658e2700bc30d13bb7a5cb60c76aac11b365a839da417316008f13c231f1cd0f9b3d21e91000100077336a57500ad686d9e260ae76d06c05805104fc83908e05c0e24b7c4d23abdfee62e5584bbff82000200028537c342d9d2d1d6ad95d4b3934604f60c65e73b681662d008c22a007210f0b41766a7b0c714a1d307e63d837df1eb8ba70bb8fff41df88901bc9b94995350d159575dac6ce16f6cc223246ec084c81008000b8ed37b0ed6a323be3bfaa21bbb4565b5dd758199592977cf84254e8e29de7022c961c0c7879c2a61b3d873aa51993d2604f919f53849f41004004f425946241b489866e831dd39e1bbb3eec8bf9fbfc666ff2b8b4db332ce07a42767469555d3ee95783f48867c646777f86e1777553cfe5ea2100cc5b00ccf0d5e89fb0b067163d3072e5b108a9154f69655df9f584aca43d5e61a173b678067eb5f0c7a017c66d88ee3ec4319bfc1d8453b69d73845f9abbed8300f84904bc448013d04f3477b17448ef3bca39f4a3d9bb2f4f7176f5dd7a36f84a404c465861794d06e933add4c1a7aab6b1a2d3a055cc8e5e876dbe92040160e627009b2e27325c63ba9ca2caea8eaea3168341ca2ba92af58b4a4b246b3474aa8b6bd0a773f75cef3fc625aeab95433ef99d16ec67ff41204d0c07bb070170af0878877ed99ad962a87972d8eaf8b7a76df7a746fe479f1b5712320ba375fa96724985c7fafb2357589e62cc3eafd1410098a7009843c69ee57aff7cfede6835d6589356a78b4dcbcf226bfb061507efced811dadb7a4d8a19ee759448c2ffc2de41003c48047c4ebf7e4d30febda8af8d73e4170bf65df97697ef25f76b378335c555a9e49d9b25864f7e69b586e511e66017df040800f31400835dce27b05c93f1e905252cd79ec12049d9851585eed712a297ee3e7fedeb453f06f51bed12dbd9d2de54b3a5d2d39ebfc2ce41003c4a040c7d42cc12c2fa6e831db35f1abf296cf88aa37eeb8e075c0d88c988aaac6d2896387e3e9abdfb2ac33e6b5a7851a38500302f01b0808c391d7b56f3eeb5495b13785e9364cfa80a8ccdb8b9fe446090cdcae301afd86d0e277b4bd613e29656cf2474827d830068ad08184f30701d4a67e5903bd9d9f5ea3eeff0ebb16905b79a9a750d92804f52767112cb7bca818e1eb11000e62500be71f28a67b976fda3d23522ae55ad4edf949051987ac037e2faf40d6e7edd073ba60a60fc0b084fc2ae4100b45504cce57d725baf387a49dfd2d22409febc3c6153104b87c7ef2e6b1a2100cc43002cbea4696279cdd76fb44baae8ebb5c560d0db3a9dba2280836119a11fec1904407b45c00fbc8b806746ae0b2fa9accb147943098ccd609a95f1e3a52762ad2100cc42007cbcec34d3afff537eb1420b80c2b29af2fea35d6245707026fc13760c02a0a3226023ef93bdb3857d9e5f54da25913796a747aebbc1b20f179ccbac8400306d0130d7279369a86f2febd51a1ab627ea732e2439a5b3a57d9900c69f661a7d1ff60b02400e01f09820c5839ae66df53a42dadc28e2e642be8cfc59f65fdff15b3369695a0800d3140023dd72a47e137766b19c639bcf04dd14716dea5b0cd2f40dee31bcfb45ddb9d2237c05db050120a708f839e18c081eaf036c37ba3669752902ee33baee431c59266691a61e8dce8000304d0130f9586c0ecbb9d56db063a9b6592fdca22c28abd6be347e9308ce7e92d12761386c1604801222e057840b222c842e96f651c939c56ea26d369b4e079d677a9562e558295a722008804733ed9c46df65b05315cbb9f5dd9e0bb1a2adc7f361b74aba5a39540a14ee3709b60a02404911f05b632a49111643a9d311bfcda4ddf5e21c35b6d475b172605aa1f1ab556e31d61000262500be76f464eaf8d7d9d2bebababe4998cf7f9dbe459ab3d9335d9023ff3b5ffe5361a32000d41001bf217889a28a078cdf78b2bea9394994cd67bbdb755fd69bc9f24bd9151000a62100965eccae621daeb6e2c74b71a2ac3f4d4955e34be3376508f4d54f933a0d856d8200505304fc8270409445d2d9c2fe56404c8687207b5073cfa14e4cc38cfa8edd9464e7ad8100105c00d87ae64afd6cb7dc623997ba0f712c6ad2ea845878eed76e6674b174a812c8f8d350bf0f61932000584507ac1349298f753c79c26030d4f1be117906ddbcc2babfe69f8aba050120b600987f2a268df53cdaed1996ccbde2d6b718c8de1021587adf625ac515b6080280b5105820d05d99d467f89a90dce24adeaf040c7d473907333e3529fdce2f5f070120a600f8f64abe9e8e21cb39f4d488b559bcc7fd671556143e63b32e59c0dcfebd617f200078110163697d6f61aa030e5a5541be4cb84e1c14969813c2faeef6eb15a7c369fc3804805802600419b3812bcf30ffa2f50a4ee43a43e7a1f391a19d2cecab0433fef47af01fb03b1000bc898081a2d5d8fe60d62effaabac6325e37a857276eb9ccba8fbe3b979a070120960058ea935ac87adebc347e23b7a76c758ddaeaaf16fee8276055bf00c21f606f20007815016f13448a9ba5214a8507cf4706f0b851a5e795c51bbd7cd9555d1ce2543cf59c460f012086002063d5d275e86ae635edc393720b785c536e8109215dac1c720534fe6e845fc3ce4000f02e029e3396a0146a8191afed6bc515b579bc6d585fccdfe7c3ba6f3e5c7e367182772e0400e702808e11192be6f7d91fcede1dc3db3a2aafae2f7d6fc6ce40010d3f650fcdc60afb0201208a08e84148156da175b25855b1ee78c065f20e2dbc6c5ca555753426b99a75df6c3e1b1c945ade249dbc59292dbe5220594300307f773a06742ce898d0b1d97426e83a0fb9e8d3f2ca2a7932fe3bdd4302583b44760007d81408001145c0df0851222eba7ea35dc233f2cbb9295b3ad6f1a42707e2a83ab7b832ff4e9b2a1af5927f56adb43eb4441aeb990b01a012b4af699fd3bea76370e7c92eac28206354c37a9e587f7f34929775a329aed20c18bf315450c34f23ab66c2964000882c027e4ff0177401d62dd8ee73a1c5606866bd91d537361775b2b067eed8d57f8c4bb4c120fd575c17ad9676b3a4513a9650212dbf5a28d9a8183960ea0280f625ed53dab7b48f695fdffb90396ae8c7418d7a3247eb8a2b6b1b98c7d01aa4961ff65ff2ef3488bd20ea40763f14f58100300911f038e1aca00b51ea65bd262e383eeb06eb4d6dc96e5f4f1efa83b423f091895588914a296b923c53aaa5752125929259054d4d00d0bea27d46fb8ef66173cba3e3e817eef0b9c6c3dc98b5c983f9d77f44b226f1e991ebe244dd6f08743e7f02db0101604a22e06784dd022f4ac3bbd3775c2928abc962b5b1d142413d8638c573d0178d0999856d8eef2ea86d96ae66d54abb22cba445570a241bf71cb31700b40f685fd03ea17d43fba8ad4f6c5a3e2d5ad3c47a5e90b999dfd0c4aede6f49655df167f3f606b0ce9dd141f209afc066400098aa10982352c2a0fbe5de9ebadeed9c56a7af61b1c905c767059136e8d99f8aacbed5a86d6eece0312d31783ae9467ebde49a5c256d0a2f95165cce97da9a7848040140df89be1b7d47faaef49de9bb7734495e7da3b6e1c961abd378581bded793d258ac89669d5ebb68878f1ff55111785fb913e3ff77d8090800531701ef100a455eac5dac1c320ffa46308916e0212c90f2ee8c1dd71539e9204631afa6590acbab97bc52aaa503b1e5924b4889f4ad5f8134d15bf35fd1073c0800da26da36da46da56da66da76fa0ef45df40a64c3a5e2e1ada9dbc279980b1fcfd91dcdc2f89fb91a17d67db063a6e0869fe24c0bacc13e4000988b087882102cfac2ed6be31c1a975e10a5e6a657dba02dec6c619fcfc3fbcfd9e2a57a02255d8b412aaad34949a58d52504e9db4c53f3d5bedf75e7f253d97fe366d036d8bae45fd7cf7d3d6bb05715269b3baa8a256d5025bc939c5e9036c37869b80e1a74e8a4360132000cc5104fc92b0d90416b1ee8b05fb7c4babeab2d5da00f778859de7e4dd5b4efbc745b074faba109ea2baf73bfd4d96ef7cf46254242f05b85c4e04a8d61795350de5c3961fa15145cd26b06f24119e812d80003077213092506f0a6ade66e571efeabac67c35229d9e1fbb9e0bcf6f1a7b7e33b3280302409d2736ad20a3d3a055753c8c7dffd12eb7d428f657dbd05433d9d9d5df04eef9ef708af03becff1000e0a7f4c169a6b0b869a5c149ebce7ad737369728b929661756241b438698bf73f7c18ed995b50d551000ca3ee5d5f595dd063b6a3899ebcd091985854abe6fa3b6b97efe366f62f8edcb4cc4f05307e8b9d8f32100c07f8b803f103c4d64a1d3a428c5f3b67a793735eb2a94da20676df2f0e1e57d5f18b72152df62d0430028e4fba06fd1f71fb39e9bf8f6896bcf28961b43abd3372ddf7731a0b3a57d91a9ec0746c7e777b0d7430080078b80c7084b058fe5bdd7492aeffb7d177dc8062e7be8a0bea5a5a1c750a79bbcbcebd0e54702210094792c961ce4c669b6c710a7bc4662a5151039ba3547fdaf75b172c83321c34fa10e9b4f608f870000ad13029f10ca4c6913e862e990b9fa883f1502d5726e9a417199a13c0926b281074100c8fbacdc7fe93a4f73d9272429456ec3bff94c5050b7c18ed92666f8291b11e2070100da2e02ba13224c6d43a02702b3367978d73634c9562ffdcb05fb2e70f48e2d5bce04074300c8f3381f0f08e1c5e3df18f32f5bd86b7da3b66ec96edfab26f8c57fbb9608c11a7b390400e8581d81bd26b839502a872c3bec535056dde1afa99afaa6d22e960e391cbd9b7ea747e87508808e3d9b4e0785f164fcbb58da971757d4d676f4bdc8df281ee7748a3af75598e8dabe4578167b380400904708d8f190ef5c219ade9dbee3425c7a41879caa0263326e70161faddfe7131e0201d0be67875b483867be3006cfa0c45b1d79a794dcd28c2f17fc4853de369ae85aa69ca65550b16f4300007945c00b845813de380ccf8d597fed42d82d7fa99d2986a76f70bfc85bd8d3c1f391a110006d7bf6788585f350f3e16ec6389c6cb7400d8ecf8a7d6dd296eba6e4dc7b1f4a71e40f010094cf1ef8838964027bb097f550a7d895fb2fd15c026df2133018247dffd12ebcf94d341fbf1c1d0e01d0bae7a06f44046f05b39e19b92eb559d7b68a064dcdbafa2d6783039e1eb9ce9445fbdd5ffdff873d1a0200a823045e34f1d3803b547d3c67f7b988644d506b4f050acb6b68ad8052cede437be66adc0d0880873f472f4645f166fc3b59d8d7a5694a5b9dd42a29ab3875c8b2c37ee4bf2b3783f559825cfe100000a7018ad373a853a4e3213fcf46adee91a702ae01f1e13c398fddf175387c21320c02e0fecf5eaff01b3ccee5dd9ea1718f6abb56a76fdce9111af8ec28e72873588b464e12fe8abd180200e034404d2a3e9db7d72b3a35ffdac34e05ac571c0de0d1cf61aa8beb5539f3c78b2e00485f18c6af3e1dc4e35cfb7cfedec887b53d55539a3e7cc551fab55f6a46eb8f6627b4c2de0b0100701ac03a235bc49c2d5eae056535ff558fbd59d7d2dc67f89a241edbfde6946da10d4dcdf5e62e006a1b9a1a5e9db42582533f94dcda066df3bd6d2eafae2f753cece7dfd7c6399ac35326a5394ef80bf65c080080d3009ed0f7b65e736dc58f17cf56d63624ddd9acd3f2ca349d2cf82818742fbdac57dfca29aacc375701909e5796df73a85306a7f3a9f94672aee64e5beb1ab5d5dbddae070eb0dd18666e22fbae3cfe83b0c74200009c06709f57e0d951ce57369cbae64abeb233767a84dee0382b62d995c8b404731300bea1c9f13c27c1f97edfc528ad4edf70e46254f09b53b6059948b9eef67284f067ecad100000a701a2514bbeda7cbb5a396472dcc6e63547fdaf9b8b0058f1e3c5ebbcc5f8ff47b63f2b87928fe7ec0ee864b1aad2ccd74e016120f652080080d300a0301fceda155256555f61aa02a0b0aca6fceda9dbc331d6427088f027eca1100000a70140bd2b818acd6782424d4900d088873547fd433a59d857638cb987fa647c853d130200989e08f80561ba316527363b8e796eccfa9894dc528de802e0666651f6b3a39c1330a6fc17e622cc27fc0a7b250400306d21f007c25a132e2e642a34cedce871ad59d7a2134d00346975cd13d79e09c2d513f7d0f1d904273f0800607e42a03be18419c6320b96017175fa85b05bf1a20800f7c084b8ee431cb33176dce34ae88dbd10020098b710788d108c0d916f6852a31dee2121f79e08f02000b43a7df3a6d341a1bd86ad4ec358710f75c47c1b7b1f402780bb85c060423a3648bee962e9503867b36760654d43256b01505e5d5f3963a37b60174bfb128c0df7d053991184c7b0df010800703f11f02bc25c9a6f1f1b26f7d40f5c7c2070f511ff6b6affb6d311bf6b0317efbf66e6097284a9a8495844781c7b1c800000ad11027f266c84131700c242cb2a6f45c53e000100da2b047a1b9d85b0a102200e1e84a7b187010800208710789b70031b2b005c1349780f7b16800000728b80c7082309b7b0d102c015549c0f81831f8000006a08010b4208365e0098e24b781ffb12800000acae06bc914c0800559dfb0e139ec31e042000000f42e059c201440d00a05c696bc2064257ec39000200f02804ba105c0835d8b001908522c25294e7051000401421f047c2124221367000da452a6112e1d7d8530004001051083c4e984848c1860e40ab082358117e863d044000005310023f336e6a61d8e001f82fa813ad0fe15dec1700020098b21878cfb8d9b560e307664e256117a11ff606000100cc490874222c2424c0100033424f38471886fb7d000100200606ad1a40d84428868100260a15ba0b08ffc09a07100000fcb710f805e16bc26942138c06109c52c266c24b58df00020080b68512d230a8eb30244020b40437c220c22fb196010400001d1303bd082b099930308053220833087fc19a05100000285388e81dc25e42358c0e604c3e611dbcf801040000ea8a815f1386135c2106808ad053a81d84cf083fc75a04100000b0771ea427034e846854270432d248b8409843781aeb0d400000c0b720f807612ce104a11c460cb4230fff16c21784df604d01080000c44d43fc3ae107632a62642004f7526fcc4e399d3a9c62dd000800004c5310fc85308270c8586a1506d03c49226c207c428b56616d00080000cc2faae02563bdf56b8466184693a58ce041984ce88ef90f2000d00900dc1b59f02a612a611f2186a083f1148e0ac265c21ac210420fcc6f002000008028302daa08fec678fc61b8c307000200008802d3a3861040586ff4e3e843af71302701800000802751108d0445ed86466a680881848d041bc23330f600400000209230a0458d9e270c348699ad259c24841853c99a6358224dae9362bca7a7626939610ce17d424f14d10100020000731008bf243c69347e638dc690d63ab844b8456810d4098f5e8b781a13eacc373ae3d11392bfe34b1e0008000040eb44c2ff19c315a948f8d2684cc71843dae612be23381a8fcb77110e13ce127c8d77e6370809840c42a1f16a42670c7ba44e74058474423c2194e047f0269c221c206c333ad9d1644a8b8c2719b6046be3c9c647c6644bcf127e8f3103807ffe3f49e4799f49783af90000000049454e44ae426082, 2, 2, 'iuo', '2024-03-19 08:36:08', 'Gonzalo Ronald García Saravia', '2024-03-26 15:42:19');
INSERT INTO `ficha` (`ID_ficha`, `ID_sede`, `ID_torre`, `Salon`, `ID_almacen`, `ID_equipo`, `Descripcion`, `ID_marca`, `ID_modelo`, `Numero_serie`, `Codigo_isil`, `Imagen`, `ID_usuario`, `ID_operatividad`, `Observaciones`, `Fecha_registro`, `ID_usuario_modificador`, `Fecha_modificacion`) VALUES
(14, 1, 4, '117', 2, 7, '', 5, 26, '2312312312312', '2321', NULL, 2, 1, '', '2024-03-19 08:47:35', 'Miguel John Quispe Pozo', '2024-03-26 15:48:39');
INSERT INTO `ficha` (`ID_ficha`, `ID_sede`, `ID_torre`, `Salon`, `ID_almacen`, `ID_equipo`, `Descripcion`, `ID_marca`, `ID_modelo`, `Numero_serie`, `Codigo_isil`, `Imagen`, `ID_usuario`, `ID_operatividad`, `Observaciones`, `Fecha_registro`, `ID_usuario_modificador`, `Fecha_modificacion`) VALUES
(15, 2, 2, '132', 1, 20, '', 34, 5, '123', '2131', 0x89504e470d0a1a0a0000000d49484452000003c2000001c7080600000074b9e137000000017352474200aece1ce90000000467414d410000b18f0bfc6105000000097048597300000ec300000ec301c76fa8640000cf9d49444154785eed9d07bc254599b75d77d55dbf7575dd356c30edea9a1503a2ae19300710513081984501c30a220a08820144144590304c663293730e848101066608c30c93f3cc9d7867e6ce4c7df5d4397d6f9fbe6ff7e973ee39379cf37f7f3e32b74f777577757575fdabde7aeb29b76dd8ec8410420821841042886641425808218410420821445321212c84104208218410a2a990101642082184104208d15448080b21841042082184682a24849b8c219bb6ba193b76baa57bf6ba15fb5bdd9ad6036ee3c1836ecba14342082184104208d11448083709e3b7ee70cbf6ee330b8110420821841042341312c20dced82ddbddf27d12c042082184104208112121dcc04cdebed36d92dbb310420821841042942021dca0ccded9623e7021841042082184687624841b90393b77990f3b62c3c1836ec99ebd61c478c4e66d6ee0c62d81115bb6856dfcc63ed6b1d5b2d5b3b9f8efe8bf42082184104208d11348083718e3b7ed48159a6b0f1c0823c5038ce392b0cf1cbf2fc75869e50501bc45eed9420821841042885e84847003c1886eda48ee437bf7b9411bb798c765c1312cb564a5990b8960218410420821442f4342b8817864df7ef3212f6cd96dee5f090b5bb2ddad85104208218410a2af2021dc20b04c92f58099ef6bed5f0df775656458082184104208217a0912c275e09a7bee73978c9fe4ae5a7497ebb77e53fbf6eb1e7c386cbf71c5aa92fd6b81e5beccfac1fd8d7dab85b496edd59ac442082184104288be4dd542f8cb975ee6cebae2d7e66f3dc12fa7cd74974f9d69fed65dfc7ace7cf7a12f9ee95efab297b7f3bab71c1bf2e9e627d7ba736ef86bd8f6abd9f3cce3ab8579bcd67ac14480b6f6e73abf79f5b541a85bbf67419ac9f308218410420821445fa22a21fcc59f5f1a04dd9bfef73deeaf2b9f34f7e94e6e5ebdce7dffa65bddb7afbdce5d3e6586b94fbdb962e61cf73faf797dc897f77fe6b3eef4f32f74a79cf37df7e6f7bc2f6c7bdb091f745ffa5921df6a2d84a71ae29468cfd6bedfbfe5b6700d81ff7a85fbc9ed23ccfdb2e86a24e988e543cf742fbdf81ef3b75cacbfdd9d16eee54c77cb7ae3f73ec77a77cb975fee2eb8dbfaad87583bd9fdf4b2c9eee1f66debdc88cb2e7723d6167fbbe1bed2fdefbdd17df37be77a6e7473e2db459fe0e14997bb6f169f69f877c9b31742082184681c2a16c29fffe9cf82883ae61def767f58b2d4dca727c0ddf8bcbf16c4f02f264d35f7a9177f7af811f7ba63dfee5ef58637b98b468ee9f4fba51326bbff79ed1bda0568ad85f003865bf4e2dd7bcc7ddffadee3dd87be7446b8e6fffdd827dd7b4e3a256c7ff92b5fd37e7d118c66278f07d24e9eaf1a2a11c2332e7eb93b6de8fad8b65e281abb4ccfdc53e7bced60ce0de7ba9f4e5a17db769fbb2612475ef476faed7b4591dcbeadd674c7399a97b810ce4b35c70821841042f4341509e1cffee8fc20907a9b088ee829317cf2f7be1ff2e547b70d2cd97ed3aa35eecccbae08bceb139f6a1798b516c24fec6fedf460c76ddd6eeefbee4f9e14c4f0cfef981084ee87cf382b6cffc0a9a7b9f79d7c6a091ffef2573a1d0f13b6ede874be6ae89a10bec75dd03023c111bd4d08233a1323bbb151e03937240429bfd57d245842b89e48080b218410a259c82d847bbb088e888b614662ad7d6ac9ad6b370497e8b71d7f62a7dffef2e88a76f11ba7d642d872554e5b33f897d366b8d71cf3d6701daf7fdb3baa9a274cdac9f37526127585ff46f71e1779a542b874bf97beec5237c3dceec5ef83914b74912fdfee96877d11c7b1eded6974a473c1d0e2b1e198e81a63c785eb899f334b6c27ae2d29eaef2eb8c24744f71eeedbd8de7e8ded7f27eea7fd3e13701effdb8c78ba99d712dd53e2fa93f78a9b73247082c8c5e5d9c28bdf7697e8221cc7b6cb26bb113714b65d736f2cdde4bed13923a17b6ffc7c45719dbc86e2c87424c4c27fa3df4ad2c49d3b765c27b1ce39a3dfa273c7f7491c5f92761a8963622ec625d7e9898faa77169585744af22e99a7897c69df374aaffdb7f29d1425e72f9ecbbeee425a780c746c2b3db710420821446f2697103ef5473f6e6f2c339a981c394c72c3634f98e9d402824e9d3f7858263fb8a57f10c2410c4facefc83042927c39f9ec73ccdfbb838d46a0ac01c67e11e421739a6f59b3defcbd1ca49d3c5f672291151357614e6fc7df2542d8ff7641fba864e1d8f82865f911e182688cef13d26f178fc5eb291193d135468239129e1de972de4ea23290bcc6c2dfed223608cf9810f7f7774bf8cdef7771c73558d7184f23298a3bfe8e5114b9edd7529c3b9d7a2dfc1dcb077b443821c08a207c0adbbc788c89a4407244b828784bd208dbe223ba85f37488c1a2286d4fbb2828dbc561e711e148a075a49148d35fd73569bf15cfd7718dc5f3b5df4772ffc2dfd9822f798ccfb74931d15e22484bcf5f22440389f375cad3e4f5dce7e6c4d34a0ad93222be649fb810eef46cfd798affce93ae10420821446f2397108e4683f3f2e7658f98e9d482de2684afbe7371b8e793bef33df3f7383fb8b57f7093feeb13b55d3e697d8542380bc4f195b3e6867cb67e87ca46844bb7c74557e9887029c9dfca0ae184b8ebbc8f753d9db77512be66ba9e2036e323ce1ef60dc7daf76e52924ef671b660f518d718dfb7f3719ca754ec774a17e1131351c991bf3871c1d9490827c472e739c7c9fd3a0bdd72bf9b42cc387744aad88b88df47f29e8063b2845feab96d111dbf9ecef76208e192b43b8b6ef3b8007997b89704a97913f221f15c8a98f92f84104208d1cba9d835fafda77eceddb472b5b94f6fa0bb5da3118c049ab25ca3e3e042fdaad71fe3f77d6dc9dac2b56095314778d8e6ade6be595cbde86e77cc3bde159ef36bde746c70a3b6f61bb1795ba7f375c6167508dc4874596237ea4c095420846d511dbf06eb7a3a6f8b5f5f204d08b33d7ead1161df84482f7b6c9a102efc1ddfb79360854c21dc398d88e83c961046dc7416575e48158511bf27055d79216c0bc1d2e36a2484493376ee4e423e5578168f8dae8773c78f8b28a65d9a6ee1bad285a1716f10bbbfcec79613c21dfb846b683f9673c5af2d22768db1ed51fa25e74f9e2be44be9fe9d8e1142082184e82354152ceb5d1fff94bbe1b195e63e3d494f05cbfad4b7cf0ef9f2a30183cddf81b584d9e7a4ef9e6bfede151ed9b7bfd3834d5b4398758e93aeecc77ff6f4f0db47bef23577cc3bdfed7e3c70887bfb891f0e01be92c743beb5842de1592abae2e23529c62c915c2ad6f28c08730d958d08e716c28ce45adb03f6bd0792e9a58e08774ec312ac814c215cf8b7792d453aa79b21d88a82a753a02c282b845346844b446b8d8470ec98e439e3fb877f27ae311c1bdd474250e7c2b8ef02291d01ec1fbf9e927bc923843b08c23c1ccf71c6332a43c9f953cf5510d9a6781642082184e823542484215a3ee9b8133fe4ae5ff6a8b94f4fd093cb27fd76c19d6179a4b07cd2a83b4a7ec30dfacb975e16f2ec15af7e9dbbf6be074b7eaf0577efdadde9c1b2cddaf7d56f7c4bb896388c68f3dbbb3f797210bf8c5e239811c5c9e321dff24905215722d0106c3177e20eb19b147dc5632b11c2e1efd27d42faede7ef2c2cad6d99423888d652615d7a4d1d8473c75da7fdb1cc11eeb8676bbff8f564df1ff9d19e4e19219cccf7249df23626cce220780ae207911513bc11398470d85622640b42af43a85629844bb6c5855a527c16fe6ebfbfe22867a7dfdbef23797d79289c3f7e4cde39c285fce9f8bdb07fe2f7923cf5c7c79e555c94867f6788668bf8f125e7f2ff4ee651f477c93142082184107d848a85307ce96734ac5feedefc9ef7d57cbe6b35dcbc7a5dbb08be7c8aedce5b6f88044d1466f2e5fd9ff9ac3bed829fba8f9ef5f5207ed9f6aad7bfd15d3e75a6796c5799682c67b4727fabb96f16dfbfe956f7b2fffe9f70bdf08dab7e6feef7646be728d5493647a22e8ad21c880bbb84280c62ad63bf0b2e2e158c05111a4f232914a36d511a9e1271586b210c89f379926975fc16bfee8efd4fbbf8d29411e1e4f197fa3ca952087b4ad3f2c4f74fe42da38a1da2a702f208e168bb177711a522b3b3d04da61389c3685b41884d2e0a5823cd92f379317f4342b8257eef1c35ba20563bf6c9933f8963926235f65b32adb8bbf54f27dd57223a3be76924dc8b24f23b9e56a08c604d15c2c50e83289dcecfacb0bdaa722384104208d1035425848191e1affdfa2af3b79ee097d36606acdfba0b3a05be71d535ee75c7bebd5d70bcea8d6f76277ff7bcba8c04470cdcb8c58c1ccd7abfd6fe5930ba8d00fed52c7b89a77c6ed160094fd1eb498ad93e40cd47243b894d2184104208d168542d84453a04c34250feeeae7bcddfebc1b2bdfb3a3d5c4685ab8d1e6d415a6b8c358b6d2484fb2288cacadc807b9eda0ae1c2e8665fcb032184104208511912c20dc2e89448cef7edd96bee5f0d4b7c5ad6394cda36b89b25844537d03521dcd9ed59225808218410a2f191106e201e4811aa0b5becc05995401a56da42082184104208d1d790106e20866cdaea56b7765e5318967a913c68e316f3b82c38e621c3ed5a08218410420821fa2a12c20dc6982ddbdc26e341c3ead6036e520501b4d89763acb4f2b295ff1a81bc84104208218410a2a790106e4066ee68311f76c423fbf6bb052dbbc2b24b23366f0b51a7817fb30d3768f6b18ead1604f1e6e2bfa3ff0a218410420821444f2021dca02086253885104208218410a23312c20d0ceb086f905bb210420821841042942021dce00cddb4d5ddbb7b8f468785104208218410a288847093306acb36f7b0a23f0b218410420821848470b3c1124bd3b7ef0ccb29add8dfead6b41e701be53e2d841042082184682224848510420821841042341512c242082184104208219a0a096121841042082184104d8584b01042082184104288a642425808218410420821445321212c84104208218410a2a990101642082184104208d15448080b21841042082184682a24848510420821841042341512c242082184104208219a0a096121841042082184104d8584b01042082184104288a642425808218410420821445321215c03aebbe75ef7fb058b4ae8b76ea3b9afa81dca77516b54a684104208219a8354213c60f9636ee4c8516ec0b247ccdfe30c5df3b09bb662b01bbca6fcbe8dc4ad6b37b8737e7ea93bebab5fefc4857ffa8b798ce83aca77516b54a684104208219a0b5308330232e5acafb8fb5ffe3237e703ef77a3a64ce9b44fc484fb26b8edf35fe3dca2bf734fdcfd2977dbfa1ca3274b6f7527bcece5eea5ed7cc19db7d4d8af1a42da17bacbfdbfafbbe90bee849b96d9fbd580eb1f78283494cfbde45277e9c0c1ed9c7b71a1417d49bf01e67195b1cc9d775a565e157e4fbbcfcbcf8f1feb397f46f1b719eeb4623e15fe6da4415eb6ef1f51d8f7b4a9f16d507a9d8d97efc57b9e7aa17be969b7baeb62fb52ce3af2d59328dfed79c5b1b1edede9b0bd533ea710d2889e5b82b4f346a41c1bae3f765ca7329675dd69ef6eb896d86fc63d9694cd449e26cb6de7f2565b9aba4c09218410423421f688f0936bdd9c771fe7eefcef97babb3dabde7f9c9b77cb0da522d7ff7bee8d37ba9ddf7da37373ffceb9597fe776cdfd6f3760dd9ad2b49284865ba231eeb7d5a3a15b6f21fce7250f8446f2cf6fee57b2fde695abddf77e7a51f82d8daf7fe7bbee92dbf234ae693cc704456810c7f28fbfcff7f9d749e05802d96f3b3f6a702784b03f478970819076a231ed9f15e73bc1102ef1735d7e53e9efb5a447f23d46c9bd269e474154963e8bf6bc481327158896cbcfff823bcd932cd799e78dfece38b6645b51749588ad94eb3e817293480f3817bfd942d8e878f1e73caf78be20824bce6795e5dad2cc654a08218410a2193185f0cd6b36bb1bbf78a1bbebbf5eec16beec3fdd9aff3dc6edfee071eec18b7ee8863cf268807fb77ce0edaee56baf7647663ed50be1bf751366bcc7ddba767da7f43a888baffad3534218fefad813ee8757feda7dffb22b4cbef5fd1f86636f5cfe78a7634b49369e4bffe61e112c34a4e39d09e5ef3d2184f977b2f16c086104ce794bb3afa9def44cbec7880995d27c2f53bebb2c5a7cfa744070fe928e883cef55dab1296525be5fe6755b9d3085739d17ca4a7cdf421a996593fd12d75720cf3d564ff396292184104288e62455087fea4ffbdc8fbf32c8cd7ce56bdcfa77bcce6d3de16d6ef789c7b9955ffc74807f6f79dfdbdcdeafbdd2b5cc7886bb6cdcb1ee0363beeb6e5eb7ae537aede4689c151a8134fe3a5c006938175cff120debe23e25db630df8f262b06bb4379e6fbac5fc3d8b9ff96338f6cf0f3c64fede4196e8e4dfc5467249de6634b8db8937b0a37f735cac114e5e963c2fbf5f4ade169e514683bd86f44cbe9712ee3f39325eae7ca7fd9ee3bd08f8fd0a799eb8b63cc7a71debb1df93d87e65aedbee849991728d39f2d57c67b38feb2a4d5ba684104208219a145308dfb276b33bf9ba3dee3dbf75ee0bdfbfcb2dfef4a96ecf096f755b8e3fd6edf08218f8f7ee0f1ce71e3ce7bdee8b238f77af1f769afbe0d86c219c6ce4f2772466a386348dea76411546493a5c06c3fee51a7d8d2e84b9d7a8a15cd2d8b5846df198f077b1d3a0bd919db27f6c642a29844bf23396cfd1efe17a4ace511fba2fdf8b7916480a18f2ac745bd9f216e54f4494b725cf318dd272103f57f9729e7eacf57781d831e5aebba42c701ce5a7f49c1df7982c9ba5244575dedfba4a7396292184104288e6254308ef76c75f79c0bdf7576deeb7f3d6ba077ef953b7d30be0ed45f8f703bfbcd85d71cf2477cced9f75c70e3fb5ac104e6b9cd1d88b0be18ec66ea2d15c727ca2511935c41b5208c7ee33961f4961d0f1774284b4e3f3b35db0c4f3b6349fdbf3ad440827d34c3b47e1f87a8ae1de307a17f2fa7c5f1ee3f7594e7ca4fd9e47b4243b1ee27f973b3eeb588ffd9e70ffc53251f6ba6379656d4bdb37999e27eb9d2db8e577de5e0b9ab24c092184104234316585f0f157b6ba2beedb1eb6cf1cdcdf6df9e4fb03fc9b6d972d9fe78e1df6997c429806b8311a44e3b732214c8332b65fbc611ffb7756a3ba16f46ce399bc890be422c5c62ff9d8f9def309e1c2dffe9c537d5e468de9f0ec3a9fcfcedfec067f57e971d142392ce66349794d29dfed7441b484ce854ef95fbcbe32e7cd3cb6f87ba7e718bbc75cd75dfc7787584de45f6c5fbb6cc6f66b2fa3719265b4b6346399124208218468667209e12b176f6bff6dcc82f981e8efcb1f9e9b5f087b42a33cd1d0655b6542b828d4620df9f6349b45089b0ddd78bef0ef785e16b7b5e77d3c6fe3ff2e121ae63eff8ae730f3b2bd91eeafb13d1a35c4afa3f6f4ac68496c4f0815ca6f69f98ee54dd5a2c5be9650ee8bc7a59fb7fcb19d9e2dd7137f7eb9aebb50de3aae2171def8be21cf1265d3ff5ef89be37c3a25e72ba4ddb0ef72727bb794292184104288e62655087fea8fbbdd09bf3ae439e8aebca7430827b9fca139eed811a7ba63477ed61d3ff6db65853084467818952a126be4e513c2a5699404986912215c9a4fa5db3beeb9284e62d8799bc8e7405c906435e08b69f26cccf3d49eeecbf78efb01f235889284c0486e2b2ddf0931184bafddcd3d6d7b44ac4cb76f8bb6c7f635cf9be3d84eef63f2fc59d79db8ef8ee79e2833897d3b954d2b4f63bfd7b33c41d39529218410428826c714c2fdd66f765f1dd2e23efafb03eea3d7b4badf2c4917c2572e5fe0de33ea4cf79e3bbee23e3fe357eed60d9bccfd1a91eb7dc39706f0b9975cea2e1d38b822cebdf8d270ec5f1e5a6ea62dd251be8b5aa3322584104208d15c9842186e59b7d9ddb0724b8011626b1fb865dd7af797d58f076e59b7c1dca751b975ed06f7dd0b2f0a8de06a38e7a28b5dbff5cdd371502b94efa2d6a84c09218410423417a94258e4e3e695abddef172caa0a8eb5d214e551be8b5aa3322584104208d13c48080b21841042082184682a24848510420821841042341512c242082184104208219a0a096121841042082184104d8584b01042082184104288a642425808218410420821445321212c84104208218410a2a990101642082184104208d15448080b21841042082184682a24848510420821841042341512c242082184104208219a0a096121841042082184104d8584b01042082184104288a6e229974f99ee84104208218410428866e1294fe9b7c10921841042082184104d83b95108218410420821846854cc8d420821841042082144a3626e1442082184104208211a152793c96432994c2693c9643259139984b04c2693c96432994c2693c99aca24846532994c2693c96432994cd65426212c93c96432994c2693c964b2a6320961994c2693c96432994c269335954908cb6432994c2693c9643299aca94c42582693c96432994c2693c9644d6512c232994c2693c96432994c266b2a931096c96432994c2693c9643259539984b04c2693c96432994c2693c99aca24846532994c2693c96432994cd65426212c93c96432994c2693c964b2a6320961994c2693c96432994c269335954908cb6432994c2693c9643299aca94c42582693c96432994c2693c9644d6512c232994c2693c96432994c266b2a931096c96432994c2693c9643259539984b04c2693c96432994c2693c99aca24846532994c2693c96432994cd65426212c93c96432994c2693c964b2a6320961994c2693c96432994c269335954908cb6432994c2693c9643299aca94c42582693c96432994c2693c9644d6512c232994c2693c96432994c266b2a931096c96432994c2693c9643259539984b04c2693c96432994c2693c99aca24846532994c26eb0b36699273ef7b9f73d75f5fdc2093c9643299ac5a931096c9643299ac2fd831c7f8afb6ff6cfffddf3bb76a5571a34c2693c964b26a4c42582693c964b2be608c06238461f4e8e246994c2693c964d59884b04c2693c9647dc1ce3baf4308f36f99ac51edd65b350d402693d5dd2484fb801df16c3f78d43db9ef483b6bf71f71bbdb8e167690c9643259e31ba3c091107efbdb8b1b65b206b2d656e74e3bada39c330d60e7cee28f32994c565b93102e63573d76c0fddfd2fdb97964cfe1e291d51b02f7ee1d87ddef571c701f59b0d7fde3d816f794513b4d9e3ea6c51d3b6b8f3be781fd6ee09a836e49cb61b7f350d704f2c44d87cc7b4be3ba270e148fcc67972c6f35d34963f1ceaee7a94c2693f579dbb8b15420201a1ac5162d72eec31fd6086033dbf2e5cebdea551d651c281332994c5627f3b58c2ccb5e377db72940d34044566b47bd7ebd7ee501f7bc092dee6963ecf4cbf1747fdc73c7b7b8d3efd9eb56ec652cb972bbe0a1fd66da69bc7df6eee291f9ec5ffdf559e9a471dbea83c523653299ac97daac59dde3caf9d297768804c463a31823dcdc13025fd67c366448e1d947651b18196ea4ce1e994cd6ebccd734b22ceb2e213c6f5b9b7bf3cccace558ea78edee93e306f8f1bb0a6322129212c93c964155a3ca2733d5d39e36ea3d75c53dcd80016dd938470731942f75bdfea78fe51199067804c26eb06f3358e2ccbea2d847162eee7859e9556adf8f0823d8593e5340961994c26abd0a2114d58b2a4b8b10e86f88dce73d249c58d7ddc580a2aba275c6365cd613cf7f87b03783c3492a7834c26ebd5e66b1d5996d55b08ff75d581e0ce6ca5550b985f5ce9bc650961994c26abd0e223b5f55cda08911d170d8d60b89547f7847bb9acf16dd224e79ef39c8ee70e74ec2830964c26eb46f3358f2ccbea298457ee3b52b128ac94731fd85f3c5b7e931096c964b20aed820b3a1af4575e59dc5807c395343e979251b5be6e2c9513ddcf99671637ca1ad62ebeb8e37947d4f39d91c964b214f3b58f2ccbea25840f1d39eade35678f9946adf8af29bb8a67abcc248463d6d6e21fd68ece1c6d2bee2093c964de98d31835ea99f3584f63d4343a573d479fbbcbe2c2887fcb1ad3887a1e2fbbf0c217163c02643299ac07ccd742b22cab97109ebea5cd3cbe961081ba1a93108ed9839f756ef17b3bb3e7c1e20e32994ce60d57cfa8715fef255fce3bafe35cfcbbaf1ba3c0d1fd303a2c6b3c63de2fa2377acec0fc60c4b14c2693f590f99a489665f512c2df7fb032b15929c7ccd8ed8e54b99cb08470ccee3bd17fc05fd799ddf7157790c964326fac811a35f0eb1df08951e0b898e8eb161f25d4e860e3593cc05b442374e0c864b23e6fbe36926559bd84f05b2a582ae96f47ef74af98bacb7d64c15e77ea5d7bdd673cef9fb7c7bd7ada6ef72f5e54fe9dff3dbeff3fdcd1e2d6eeaf6e0d614c42386612c232992c8f3177376ae4d77b092046d1e2e7eaeb6badc6d7466e8439cfb28211f88a0058d1b305026435823bbf4c266b08f3b5922ccbea2184f71f3eda49bc6671e1c3adaed518def5c9b80dad47dc03bb0ebb4b96b7ba678f2b08cc93efdc5bf5683026211c330961994c96d7e2ae9ff576f98c8bc7bebedc4c741f206b0c23ba399e11f167cb5adbeae890c964bdc8f4d52963f510c2448bb68e4de39e1df9963f42fc0e5873d06d3fd80515ec4d42386612c23259cf19f36e719b2510555fb0f89aa8f516a7f179b5b89ef6558b8f6e37ca7250cd6eccf38e47360702c8f575cf05994cd670e66b275996d54308dfb9fdb0796c1a33b7746f846209e1984908cb643d67f151cfbe104d38be96f09021c58d75b2f8bc4bdc4ffbaad16110dd87d610eedb86d045f046cf1310c40a802693c97aa9f95a4a9665f510c2f7b7542684df39678f6bc50fba9b4c42386612c23259cf593c3a32f4f691cfee5a4b18c3f5343a575f1e49a5c320ba0f3a12647dd3081687eb73f42c01d768caa94c2693f552f335952ccb7a836b34bc60428bfbdde307dcc6d6ea8360e53509e1984908cb643d678c30b11451bc71dd9b4797e26b09e3ba5c6f8bbb9ff6d5b997741844f7404782acef19c1af0882153d47c04b81605932994cd68bcdd756b22cab871046cb3eb5826059493e73e75e2fa60f8774ea6112c231931096c97ad610c3f1b9b7c0dce1de68f1b584bbc3cd37beec505f8dc41b77a5ed2b73c1651d96f4daa073a62fcf5997c9644d65bed69265593d843076ecaccad24df2379ed74cdbed3eb9688f5bd385a5922c93108e9984b04cd6f3c6c852dced92c6766f14c3f1b584bbc35d39ee8add57d7658d8ff8f7d60e0e596723c859b2838aa8e97d3d82b94c266b2af335972ccbea25847ff0606562b31cac313c6cdd21d75683a9c412c231931096c97a872186e3c1b370c5ec6df30f19bd8e0b837a1ba3c0d1b910257dd1e24becd09120ebfd366b56e952618077825ca16532591f335f7bc9b2ac5e4278d1f636f3f8ae82c8dcd07ad475450f37bc105efd7be79ebc2a1f771fd75904c363ff67ef6fb1e7c1e289653259978c79b0bd5d0cc70542bde7ed223ca273314ade1797a789cf73ee8bd7df6c169fd31dd11722bacb64329961be06936559bd843041a0bf72ef3e338daef2f4313bddc717ee752d87aa93c30d2f84ef7aab2d6eebc5e691c513cb64b22e1ba386f1c03c08e3de14282aee2ecac859bd2dde31d0d7dc52e36b08d38120ebbd46a70b01b0a2e705bc87726797c9647dd87c4d26cbb27a09616c4fdbd130cfd74aa716bcdaa77defcec3c5b3e53709e11a23212c93d5d618054e8a6144556f30a24547d7d51d11aee3e7eb6b418ae26b08f755d7ee66309e53bcc3257a5e7d3552b94c269315cdd766b22caba710c698d35ba930ac84678d6d712bf656164c4b42b8c64808cb64b537465be36eb504d3ea0d731471138daea93b5c4611bfd1f918b1eb4b165f43b8af5d7bb31891bce3ef1910984d6eec3299ac01ccd768b22cabb710c6581bf8bbf757263e2be195d376b94abca425846b8c84b04c561fc32d33de486794aaa71be88c0247d7d31d6b09333a1e9d8f51bbbe64f1f9a67d35ea75a31aefd169a7753c1fc00b83ce0b994c266b10f3359b2ccbba4308473670cd41f79699bbc3d24856da5de17c2f6ef39a84708d911096c9ea6771e1092cc7d393629891eae85abacbdd37de19d097dc55e36b086bedd9de63ccc38f47f306fe56546f994cd660e66b37599675a710c670957e7cef11f79c71b57597467ce6b58617c287b67bb6e5e3dee36d71bb63b6bdbfc59103c513cb64b2ba58520c3392d55386108daea3bb0240b1744d74cebe3462175f4398a5a0643d6f949ff8fc7be07d922bb44c266b40f3359c2ccbba5b084786209eb4a9cdfddfd2d61005da3a57253c75f44eb77457bec0590d2f842b31ad232c93f50d8bcfcd85ee704b4eb3f875748780b8e0828ef3f52517e3f8a8636f5b06abd98c724ad9899e07e069c01c61994c266b50f3359d2ccb7a4a08c7edc091a3eeda1507dcbbe7ec71cfbca3fa91e253efda574c31db24846326212c93f51d8b0b42e0ef9eb078845dc405306a5b2f51cc686a743ec4256ec68ce2f56467401e8bbb74f7864067cd6a7831c497fd02ca705f5b8e4b2693c92a345fdbc9b2ac3708e1c8bc1e769b0f1c755fbfafbaf5875f3d755731a56c93108e9984b04cd6b72cbe9c107447e4668cc04f88dd6484dd887ab849236070658dcfb58dd31b853079c43389775ae08a2beb1923e05cd2151a9775754cc864b226305fe3c9b2ac3709e1b83db8ebb0fbc4c2bde635a4f15f5324842b36096199acef5932da6d723ddf7aac391c0f926581b8a8b5b1649475ae88dee8269d0cc21487fbe94baedd7ddd92d309800e1d994c266b12f3b59e2ccb7aab10c676b51d75ff3836bfa87cc9e47c01b324846326212c93f53dc305391e8809a220525130a07a88e12c615a0f81175f3ac9a2bb46c32b31d60bb6ae354241b3ea6f8cf6c603ac011e0b74e6c86432591399affd6459d69b8530f6c57bf2bb49ff8f5ca32b37096199ac6f1a62383eef119765c468f4773d8429223b4a3f49bd820e6509cbde18e828398f3b0e62ac3b828b35b331ef977c8ee73bef493d3a86643299ac979baf016559d61d42f8e6270fba174f6a71e73fd4eae66e6d73478bdbcb197386df38638f791d166f9eb9a77864b6f53621fcb365ad6ee1f6c3b9b96fe7e1dc7958d6248465b2be6b8c7ca58dd2228c6bddf847c425454644bd020f314f386d5e72340ade9b2cabb3406b09d7d7c8df6459912bba4c266b62f3b5a02ccbea2d8477b71d2d11867fe379c1c45dee92e5adeefe96c3ee89bd47dc1ed6524a18dbfaaf395872ee729cf7e0fee2d1d9d6db8470a5bc6ccaaed0495013931096c9fab6218693c180ea29029863699dab9ec187e223dd717aa3ab6b9a3b773d3a266405a3ec25e7cdf34ec80d5d269335b9f9da509665f514c268b5d3ef4e776dfedbd13bc31ce0174ddae5de3063b7fbdf397bc2124aeff4c2f3c5937785dfade32c9eead976f048e1c4654c42386612c23259dfb66414e938f5105fa4971c75ab47c4e8b82174ac91e8deba36af3582ad91c9da18e53dee7d4019480628c34b62f9f2e20e32994cd6bce66b445996d55308afd87bc43d675c7d456104623aaf4908c74c425826ebbb9636521aa71e022c79de7a448c4e1a6eaff173026ed3bdd12c777509b3ae1bd1d1c94bd600a67384bf939d0e2cb5a579d832994c16ccd78ab22cab97103ee485da5b6656967657f8514eb7684c4238660f7dc98b61df884db2f7a1e20e3299acd71a62206d8ddd887a8c0a27dd7fbb63b41371931498bdd5926eba04fc9275cde848888b5ec4703c8ff92db98c984c269335b9f9da519665f512c2832a9cdfdb159e36a6c5adde97cf2d1a93108ed991031edfc04c72347f7eca64b21e36846972b99838f510aaf168cedd15bd99399fd139113ebdd592f3a8274d2afe20abca9211d293e01add5bdde4653299ac07cdd790b22cab8710de7fd8b9d757986eb5308ff84f4f54b6fc9084b04c266b482362b13597b61ea3c288bb28fd7a458cb62c12fc8c08f6568b0b7646b1655db3ac290094877a066a93c964b23e6cbe96946559ad8530faecc2872b139ad54204ea4f2cdaeb0e57280a2584653259c31aa367175f5cea460af518158e5c95bb5388446ed98c10f656c38d37ca77b9eb76cde21d2e1674fc281ab74c269399e66b495996d55a08ef6a3bea5e31b57b4683cfbe7f5f988b5ca94908cb64b286370249c5dd97eb312a8cc8ab77c468cb881ccc48606f36f29bbc51e0a6ea8df26a793824e9ed65412693c97ac87c0d29cbb27ab8461f38e2dc887587dc6977ef75cf9bb0cb4ca72bbc6cf22e77ebea8361f4b91a931096c9649d8c91271ad48c9c36d208136bed46cbcbd47a5418918728ed6ee3f91024ac371ba3e58ccccbaab7c80d3e0b3c0398a32ef768994c26eb64be96946559bd82654586dbf2c44d6dee1db3f7b87f1ed7e2fefe8eea44e233c6ec74ffe205e6b52b0e1453aede2484653259274b36ba11788d148087e587eae146da539d06bd7d3922ca4f2375a874b759cb6545508e2fb8404b52c964325919f335a62ccb86af3be46e5c7930376bf6571f4d78e7a1a3eee1dd87ddd4cd6dee778f1f70df5ab2cfbd6bce1ef76f133b0bc7e74d6871c7cddaed7ef0e0fe10817ae9aec36e5fa5938153ecae1d87cd7b4b63cc86cac47fffd5763ab562c8daea47c36532598a2523fd46b0466ea344fd65d44cd175bbc72482ab3782af25e7b8f337cb522902b74c2693e5365f7bcafa92b5d648ecca643259c546033c3eaf360eaeae0a7c2493d5d770b78f5cf941aecf32994c56b5f95a542693c964b20a8c4053cc414d8e4a016e99b86daa612e93d5de702997ebb34c2693d5c424846532994c569de1de4ac0232b72ed739e53083e856896c9645d37de37b93ecb643259cd4c42582693c9645d33dc3571cf7ce94b3b0b62c80aacc5a896c4b24c2693c964b26e36df4291c9643299ac46367a7461dea22588893c9d1cd162ce3123ca0a522593c9643299ac1bcdb74c6432994c26abb16505d622d80f81b510bfd136e61bcbed532693c964325937996f7dc86432994c5627c3ed19d7682bb096052ed632994c2693c9647536dfea90c9643299acce1605d62288962580e31011572693c9643299ac8ee65b1c32994c269375934581b5ca09e2d34e2bec2b93c96432994c5607f3ad0d994c2693c9bad110b879468609baa5f5886532994c2693d5c17c4b432693c964b26eb46baee92c7ad320b096965792c96432994c5663f3ad0c994c2693c9bad19803cc524a2c9b6489df248c1e6b7925994c2693c9643534dfc290c9643299ac070d913b6b9673575e5908a885484eae454cd469d628aeb7b184d34b5f5a7a6ed11cf0dc59d64b2693c9644d61bee697c9643299ac971a738411c94386144472bde70ce71da5168d091d2e32994c266b0af3b5be4c2693c964b260963812cd854c2693c99ac254e3cb6432994c16990451739a9ebb4c2693359da9c697c96432992c3209a2e6343d77994c266b3a538d2f93c9643259641244cd697aee32994cd674a61a5f2693c964b2c824889ad3f4dc653299ace94c35be4c2693c96491491035a7e9b9cb643259d3996a7c994c2693c92293206a4ed37397c964b2a633d5f832994c2693452641d49ca6e72e93c9644d67aaf16532994c268b4c82a8394dcf5d2693c99ace54e3cb6432994c16990451739a9ebb4c2693359da9c697c96432992c3209a2e6343d77994c266b3a538d2f93c9643259641244cd697aee32994cd674a61a5f2693c964b2c824889ad3f4dc653299ace94c357e0e3b7af4a810428826202e88acdf4563a2e72e8410cd87847086c533eac891234208211a9cb820b27e178d899ebb1042341f12c2291617bf870f1f0eb4b5b50921846860e282c8fa5d34267aee4208d17c3ce59d277ecc099b779cf051f7947e1b44955cfdfcab459db1caad10a27ae282c8fa3dc20df5fb88bec9370c62cfddfc5d085177acba56887a22219c02225842b86b58c24dd416abec0a21aa272e88acdf234c8125fa0646033cfedccddf851075c7aa6b85a82712c2291484f0474c8127f2610937515bacb22b84a89eb820b27e8f300596e81b180df0f873377f1742d41dabae15a29e4808a71084f0f112c25dc1126ea2b658655708513d714164fd1e610a2cd137301ae0f1e76efe2e84a83b565d2b443d91103629b8454b08770d4bb889da62975f2144b5c40591f57b8429b044dfc06880c79fbbf9bb10a2ee5875ad10f54442d8a42084df2e21dc252ce1266a8b5d7e8510d5121744d6ef11a6c0127d03a3011e7feee6ef4288ba63d5b542d41309611309e15a600937515becf22b84a896b820b27e8f300596e81b180df0f873377f1742d41dabae15a29e48089b4808d7024bb889da62975f2144b5c40591f57b8429b044dfc06880c79fbbf9bb10a2ee5875ad10f54442d84442b81658c24dd416bbfc0a21aa252e88acdf234c8125fa0646033cfedccddf851075c7aa6b85a82712c22612c2b5c0126ea2b6d8e55708512d714164fd1e610a2cd137301ae0f1e76efe2e84a83b565d2b443d9110369110ae05967013b5c52ebf42886a890b22ebf708536089be81d1008f3f77f3772144ddb1ea5a21ea8984b08984702db0849ba82d76f91542544b5c1059bf4798024bf40d8c0678fcb99bbf0b21ea8e55d70a514f24844d24846b8125dc446db1cbaf10a25ae282c8fa3dc21458a26f6034c0e3cfddfc5d085177acba56887a22216c22215c0b2ce1266a8b5d7e8510d5121744d6ef11a6c0127d03a3011e7feee6ef4288ba63d5b542d41309611309e15a600937515becf22b84a896b820b27e8f300596e81b180df0f873377f1742d41dabae15a29e48089b4808d7024bb889da6297dfde467fb774bf73aee57ef7c733acdf85e83dc40591f57b8429b044dfc06880c79fbbf9bb10a2ee5875ad10f54442d84442b81658c24dd416bbfcf632fa2d7707dd0eb7f02ae337217a19714164fd1e610a2cd137301ae0f1e76efe2e84a83b565d2b443d9110369110ae05967013b5c52ebf42886a890b22ebf708536089be81d1008f3f77f37791c14d2ed8233f347eab21c36614ceb3c0f8ad965c73b973db5a0be7da35c1de47d405abae15a29e48089bd45908df7dd0edf4f5ebb2c78ddf52b86acb517fc451b770a9fd7b27e6b5ba951cb2a7d57ddefabd1bb0845b752c75dbfdad1c983fbb63db7113dce2e9dbdd8103fe07acadcd1d786ca55bfccd9bdaf7993d9f1fb7bba5d1313f5bedc296c1c5bf930ce62cdef66e70771e67fd76c0adfe59f1ef625a9691fed2c78a7f98164ba78bd8e5b72b9ce52e19798f5bb575af3b78b878b907f7ba0d4b67b9abcf8eed77fdfd6e8fff69d5e4d8b6227fbc7fafff658d1b97f2770767b9112b3881b7f5b3dcf73afd7e8ebb7ada0ab76dcfc1c23e870fba3d5b57b8297f3a27b15fefe2942b46b9856b4af36fd5dda3dc2575770b1fe59692550797bbc1e6ef9db964cea670891be6fcd6fcbdeb4c71ab7cfa7beebfa963db19bf7583ef5ee3a2c71a9eeb9a7bdce02bce6adfa75399c9286fb5262e88acdf234c81552d2b9785ac7047ef736ebcf1fbf8a2d0e0cbb1846d57f97cf37f1e5ed8795f511ea3011e7feee6ef69fcd53f8b8dfeb91c293c2177c8ff7ba9df7691b16fc3d26042f8115a681b9d1bf201e7aef358fbf436c235fb7a24be6dc820e776c4cae63e7f4f8bce8eed633c37bf8bdbe7f3b97d9feec5aa6b85a82712c226bd4f087f74e90177dfb603eeaa19f6ef9d18d9e2066d6e730b57b4b89759bf77039670ab8ea410bec92d5edae637ec75abff3ac50df07f0fffc112b721ecb4d92d2e8ad8aa85b0b712d1ddfe5b67219c9a568c4ed75143ecf25b2d17ba7e4b112007dd86fbc7f97bf482f38c0bdd15a3ef77db102df139beb510c267144452c136b929e797fe7ec5a21d7ebb1791d36e72dff3e73df367fdddecf55c482f76b33e63947bd45fe2c1adf7bb115745f9b73ce4d5c115a3dc29d63135e3622f3057b847bde8fea1f97b674ef9c32cb774d57237e50f1d22b4b62485f0596ef00a3268875b3cfa5a77a6fffb7bd78c734b5b4206b9c1c5f2d5b442185bed1bdec9df57af2cfee8bf1c41087fd4b90d5e346ff0822bb9af288fd1008f3f77f3778b8b7cfe1ff28f6587170efddee4fff6cf6ee6c2c2a35ae37fb38ee929864cf09fb056e7661bbf75995e2a84abbde71e1683559114c2fdfcbd63ebbd18befa65cefdd2d719f715eb9107be5adc4f425808096193de2784fb229670ab8ea4103646882112a7030a7f5727840fb8bd9bbdc8762deeb12f76fead9185f0f726acf112f8a0171b1777faed9481ccf3756edba2e2c8610d84f02993d7f8ed7bdde23985b437ccbc30f6fbf56e31e268fdac52f15814cf7beebd3eb66f2fc2e761b8a71b4bb7a77606343c49216c8c1043549e2614fe6e5a218c174fab6fc096fcee1bad452fcd0e212cba84d1008f3f77f3778bb93c37ff4c4624b65ba3733d4d5d47537ba910aef69e1b41082fe36f2f7c4b3c13bc20e6def644f756a510ae6359b2ea5a21ea8984b049370be1c7115e47dcb28d6d6e671b2d216f878fb8fb966def38a6b8cf8cbb8b7ff7dbeeae5ae7f78fdc2ffdfe1bb7ed77678f8c7edfe566a02e5af615ffdee05eb6689f5bb8e7886b2d9ea2f5e061b7f091fa8d185bc2ad3a92c277b10b5a75e9127753a77d3ba85608afbe6eb96b21fdc796bae1c9df1a5608ffd62de416b7dfe3ae307fbfd68d5bb6c6ad9adfbff0779785f0596e1c9a71ff7277c389a3dca394e312f7e872d7d34b1959f0f57e74749911d6b3af775356ed7507794731dca7a75defce8c7e2fe6ef86a5f7b80df810efb9dfbffb8c901f744bfbc5d239f126b7981d8bf914f2d4effbc7f6df19258eb921fbf36c7b7496bb3a6364ff87fd16b8552d070baedd87fd7f5bd6b8d9fd629d233f1be5166fea70fddeb3e97e37f8671dc7979214bec567bd625ce6e878730a61ff55d8492bd4abdea5b1df9616471877329ae3f78984f02effe721df208df65beeff7da8a8988ffafd36678d1633a2eccfd9fefdf0fb6f1f1473cb2e369037fb0672fcb8f83997141bc35bbd70e7bcd1f6b9febc7b7d7ac5ef8cdbebb7cf8da5b174a4af4afdfefc7ed4fff780bf8ea5fe7aa2dfc79fedbf5bb1e3f97db16fc047bfd702a3011e7feee6ef16d3ee2b5ce34c7f7dd6efed301ae7ef83fbc6c8aff53e1fae8bed1304884f6fa9df8f5166ac932bab67d075ce6df3f9d3eeeeeacbc5ecd83e914879dc3f977dfe3c889a053ecd12f3c70f2bee8ffbec1ebf5f94de1ebfef903775a4d7097f2ff16b3ce0d35a543c675c50559a6e9efbef24c0fcb53ce2ef3fda1fb7f4478a23f159f73ca8786d91716d837886fefaf715b745b6d1bf0b1c7391bf8ec713e77adc3f8b76a1593c76b37f5fc3f3299e2f5c07d715bf2f9fce1d5f4ddcabdf3622568eaef3f7917cce53fcfd46bf27490ae107c8504fbfd83e9d9010164242d8a42784b0b78387dc4d0bb7b9978d6b71835a68051c7683a6c6f78984f066f7c38dd48e47dcc2652dee0323b7baaf2e2ba4d9ba739ffb40384f4208cfd8e796f9464febee03eef2f95bdd53fc39aef369b4fad6c6b2c76382bb8658c2ad3a3abb4617c4a5736d9b37bb95c396b8f9678f720312c7552d84bdd89d328586789bdbfc97e29ce38617c2158eb47655081747760f2e1b1afe1e1cf463a97bf40f273342ed6dcf1ab778ce14d7ef4fbf0c2ed2ed69f446cef0c294916c7fe5db1ebdc74d19dddf5d828b79c97ec57dfc7d4db9f142774acc7d7adba26b0bfb14f3d71ddee1968ebeb670df57dde3b6917231cfe2fb6dbbbb705ca9103eab98f77b8b699cd3e1a6bd6a4aa1d321f11c4fb9b1f0f79e47a7b83ffee82c77ca8f6e0a82bd30ca8db8bfd04d59efffdcbfc28db8c2ff7ec52cb78a8764cef186a4108eaec95fc3f6156ee1b471ee865f5fdcd10150a46985f043be818e6dfd69c76f5b7d83bdcd37aea37d2c213cbb78dc4edf301fef1bd3abd8d7db6ac3cd7aa8ff7d335f0bcf63be313ede8b93c78a62bbc5378cc33e1508e1a3bee51cd2611f7f3e1e549b17340bfd7916faeb426ceff1ffe598fb8bc76cf7e9231e67faf411bd5ccbfdfe6ff6e17e698ddfebaf6baacf07aa4fee3fba865a6034c0e3cfddfcdde2227ffddc2f9d174f7ae139d35fef7549b1e7ef2b8814cf5cbfff45feef113e3f104d8ccc45420a0182456ed6bff479fa04c7f9b4e716e7a95ee7f30de1b4d99f2bdae7110ef4fb2c288aa448a41cf1db67fadfa3f42df1126d8bdc67af8ecee98f350594df670dcfc7ef13d28edd0b1609aa8ad3f5e4b9ffe43d04b157bc966ff863eef662119b56fcddbae7c89d7ddbc8e2b55d5eb8fe78502c922d11833e6f37faeb38e4d39f583cd74cff3be94442392ea211c8a4cdf64890eff16598fbe27ca1cc18db0ef8bf435afe1cbc6b740c4479b1d9ff7dc4ffdd7e4d099242382a2b08f247fcbd4ef4423ebaa6768aefb984b0686224844d7a4608dfb76c73c73e8b8bfb3c1adfa72884e71d0875d5c6752d1dfb7b7e8ab06d3be4ae0b7f970ae1abd07147fd6fed23c6b0d95d57dc7e55fbb6da6109b7eab05ca16f7213ae7ecc6d5873c0b5d150c2dada5ccbfcc56e54719fae08e1ab9f3fdbad46acb4ac76b33bfde629a695342bed3e21842b151a19fbe711c205b768e71e1d59fa77a97bf4c7dc997f9ae216afdad131a2e96dcfaad888666fe48cdfba7ef397bb0dd1a82ab67f935b3cac38aa1adca79323bb1f73fd96f99b8c446c317f4b5d882f74b3896db57fb9eb57dc56c8db1d6ee1af0b7f9708e15f1784732492236eb87f873b8890e5ef92e798360a7f6dfbf64b2297f5ad0bdae7219ff9b3dfba4b2ef382bee49808cb15fa2c77c9c0056e29a3cad1733dccbcf48eb9cd5d11c237f5f78def14e337eb9838714164fd1e610aac6a6917b9bea14ac51f05cd1aef1bd4f4892248b384f0bdc586e95adf600f69fac6f39d9ff78d759f5e748e883b7d831fdbe01bd7f1ed9bfd5705011bfe2e3690f308e1927d7c639bea6e9f6f7847dbe6faeb588020f7ff4543a5b97e47db295f5c47343a3df3d3fe9aa3fbaa1146033cfedccddfd3b8c8dfd77d5ec0c4473f0fc446ef6e29e6f7520454ecb8680ee703fe78fee6a38e2beb35b17d2241148934de6fc450d2dd35dacedf9148898b9bf8f6b878a153ab5d7c457851c6334c1e0f69f772874f038b8ea9345dc873ffc97b98e8dff5d9f1f412c2cebae76bfc6f8bfc7171419e149149319836f23fb3b83d086f9f2e4238292223211c8973589410eceddbfc750ce16f7fdf5ce3886207004423cbd1a87692e43dc02ffdfbc848349e0191b58f7eb34f2542b8b8af6919d75521565d2b443d911036e919d7e80eb7e732fb3c5afcf7e2e26f267121dce266f001dabdbf931bf4cb56d0524f9cbb4658c2ad3a52e604c7f9e014b764fe5e47ceb48c1a1eb6754d085fed6eba7a43486fef94298d3f226c0a8da2db6d8915c549978470d12dfaf08a8ee8c651e0ac3553d25d66cfb8d0fd71da9a70de834b8b2eda7d8033af1ae7166fe5652c8c7817f223cdb2f3f77b3351c25e440fe4efe2f3d9b4a07d34b64408a7cc572ea1e43c96682d107f86ed23f5b859af59e1164f1b9a11113b3dcd76cebed68d409cfbfda28e90ae0861b0c4701e110c714164fd1e610aac6a898bdcc8157ab56f04872059be657a57621f8e898b525c9d5b8a8ddd437effed7efb435e60c5cf11f144319dfb8ddfdaa94008af8cfd0ee13abde16ebdcb0b85555e0005519b922684116a7f1cff66d438729bdeebb76db8ceb9a989fdbb8ad1008f3f77f3f7bcf4f3d7bb836751147569f38823e1148d28a609907681e3450d2fc1665fb693fb44220a3162893fe8b4bd78fe346b1fe98c11dd4b27d1537cb6415055912e94bd7fffefe43d449d10b810e3761eb99e67096118e2afe1499f26029163420746f11c90bc1673beade7a2623d13bfefe4fd590236cfb6bffaf7e671bf8d0e16ae31b850278e896309e112bcf88d46efdb3b29e2cfadb85fda73889396af35c0aa6b85a82712c226bd5c085bfb77222e848bffce12c277956eaf059670ab8e84103ef74eb77cd81237fbd4e47ec551dcc79686bfbb2a84af7efe70b774b9cfebb616b77c42830be11c82258c5846e2b52b42b8245a74d2fc7e88aaf36f7223a6cd72fd3a45873eabe09a5b320fb6f770c590596ecad89b3abb09175d8ec9afabef253fbc28ce1ad54ecbdff367b90d7ebb5b31aa7d9ff8287a89100ea3ec5e085f1f3b3e49154298bf4ff9d1b5aedf840561b43e8862228ac7f6ef2091e65543dd9469e3dc1f1311c2db45fd9a29e1efae0a61888be1bc2218e282c8fa3dc21458d5522272bf5a1c21f58d4d6e3a722bce14c2e01bba77fbc6f31abfad9504bc6df40ddcf6df8b24d331293690ab11c280abea13237db9a055eded00c7a4a40971210c53bdb07fccdff7562f3ec22c21ff1b917fe3c77405a3011e7feee6ef169d46248b8c28e60d422112386942787d5138951582c5fdb38430a389b9857086b04e237554322ea8aa48172a16c21ff0798740f4f73eba38fa9e1476565e44db9e88b92f274564f25ac2ef19427899bfe75a0ae16b7c1ac1059e79e46f4a3f264ec93df8bc61ba4470e34eec17ef349110164242d8a6970be114d7e8afaea35bf3b01b19e61537b06b745184b6dc5118f96de7b825c5205a8bc3df5d17c29e2f3e56f0d43b40c28d2c848bcbda1cf602cd0a7c74c650b774bfbf8df62047058153325f351077a32d6ceb24a2126ed111d1f65593cf6a17cb79d2ef4d14ee75939b9d107aa78c2e06d1e29efb15a26427036afdb0df14377bd11477357fa70abf8ed1f4c561d1e0d279d5795ca3af0841b78ad758729e3caed1fdddec556bdcd2c91d699e328d51ea34c19d10c291789f53ea02ffce33c61583687981efffae8510060470252218e282c8fa3dc21458d59214a7edcb25797bcc37d6ad7de2a29400542d0b0b23c7fc8d2826c34a84729134d7e80d7c55fc7983e02c36904b446b51a0670ae19ffaebf0d7b93296f6aa62c37b491ed768bfcf567ffc7a2fe8a3dfa379c596e0ae16a3011e7feee6ef1691402a71e7f5c45d66bbe41aed050d2f7135aed16585b0e7719ff19dd2f3a272ae2f4f731177f1ed9e21c534ee8b84679129c5fb8d0455a5e9429efb2fb90743c45de3d38f6fb3eed912b54f50002311e9498ac14a5ca36b2184a37fc73b4f1617dfa35c42d85f27f7d0c93dddb3941f3cb7f0b784b01012c226bd5c08f7dbe66eda4937792158d69bfa1582656df40dc9d6ed7b8ba3bea542d80a9675f9bac3befdd11783658d724b1ff3f9515c4778f87157bb015f9cef1e5b592a566b22843db3677314d6c842d873fe28f7288de7839bdcd209fddd0fcff6dbceb8d0fde4e629ee51b2e6a01726ed22b9231053b4ce2fa3842396b1eda05b35a143e8948a9a8e68d1d13cd776223114dca3e3e917ae25a4bfb41039399e7eafe2675ef8f9f72eac237c0df366cf713fbc7981db10dec568d4f4e2c25c5f9fcfb36f265054c73eed6b0d6708bf4854074bb8929708e1132f74e34224ab42b02cce13ad099d761e2b58d6b8470bcfa1102cab288a7d5998c23ac9675febc6d181c2f33547b81342d8dffbb8355c40611de1d2f5a13bc474ad847035c40591f57b8429b0aa252972c7171ba8d15c616b9fb810beab28aa760d2ab811dfe58fa73adce5ffcbef25787111dca87d5a04b9623ef1633e1ddebd9d51a469bf0f19ce48ecddfedf53fd7ecc21c632857051d472dc5d3e5d8edb591419dc87152c6b3b5f3a4f0896e509fbfbbf1ff2e71def09023d76dfb5c06880c79fbbf9bb45149088004f03fcb5124469b417636c6b5fa2c6df5310299ef66059feb8f0a2f97d224156ccde8e60515e3806d1e2f3232b58d6520492df6741519ca689944890237a48fb977edb7545e1188d3cb6af35ebd39be6af337e7cc0ff4ed026ee250a5015dd2f1609aa8ad3f5e4b9ff927b2b065223e8157978b53ff766bf2f165d8775cf21a096df6f8a3f47087a559c8a902584ad6059137ddadc77bbf0f5e7a895108ee65cdf472709e525cae3c431714a84b027f24a206019cf205ae39af192c80ba15a215c47acba56887a22216cd2db8530745e3e69e5c6bdeef34db17c92e7b8096ef1f4ed5e0b932fdedadadc81f59bddf20b07b4ef9326843b5b51e0a608e1ab8fbbd36da05d1eff2d35adc4757afa8c1086337e1b96dbd9b6a723d0d3c1fd2cb9b3c0ddd069a4b8b834cf7e0a9ab7e2523b0b47feb6449c95889ad4915e38cb8d081a2f1255e7b8aba7ad08d71299957e6fe3942b46b9856b4a97460a4b16d1b110ed77c6f56ecaa3b12060399635ea38b6d861e02d39aa5c2a84a1f3f24904a56a9fd36b9ca7d2e5930eee890502eb4452087b8a652c5e6ef66c5de1a6fca923ba769a10ee6c655cbfab202e88acdf234c81552d9ddc957de3970f403c7a7496108692e593fc7f93cb1695e01bf6c9e593586e2912dd30f73a5f99c5d263548e867ea610e6389f4e7cf924c4c3727fbee8f74a974fe2da56f96dd1efb5c06880c79fbbf97b1a7ff5f7bbd15f6324065956e7492f3e105dedfbf9fbcbbb7c527c39a0ae2c9fd469b4ce97a9653ebde83846fed9ce52423be2e919e78cc33242eb63f74bf0a569fe5eb0b8a0aa34dd3cf79fbcb73b7c998c3ec447c853de116fedd761dc33f38a9ff4d71519f9b78de7e28f8dce13aec59f2bfa1bf22e9f549339c25eb8d2c1115d37e7dac845258e899314c2c01256f167403a4b7d796dbfe614216c59f2beea8455d70a514f24844dea2c849b044bb889da62975f2144b5c40591f57b8429b044dfc06880c79fbbf97bbdb1c45733d1ecf72f02565d2b443d9110369110ae05967013b5c52ebf42886a890b22ebf708536089be81d1008f3f77f3f77a23212c212cccba56887a22216c22215c0b2ce1266a8b5d7e8510d5121744d6ef11a6c0127d03a3011e7feee6eff546425842589875ad10f54442d84442b81658c24dd416bbfc0a21aa252e88acdf234c8125fa0646033cfedccddf851075c7aa6b85a82712c22612c2b5c0126ea2b6d8e55708512d714164fd1e610a2cd137301ae0f1e76efe2e84a83b565d2b443d9110369110ae05967013b5c52ebf42886a890b22ebf708536089be81d1008f3f77f3772144ddb1ea5a21ea8984b08984702db0849ba82d76f91542544b5c1059bf4798024bf40d8c0678fcb99bbf0b21ea8e55d70a514f24844d24846b8125dc446db1cbaf10a25ae282c8fa3dc21458a26f6034c0e3cfddfc5d085177acba56887a22216c22215c0b2ce1266a8b5d7e8510d5121744d6ef11a6c0127d03a3011e7feee6ef4288ba63d5b542d41309611309e15a600937515becf22b84a896b820b27e8f300596e81b180df0f873377f1742d41dabae15a29e48089b4808d7024bb889da62975f2144b5c40591f57b8429b044dfc06880c79fbbf9bb10a2ee5875ad10f54442d84442b81658c24dd416bbfc0a21aa252e88acdf234c8125fa0646033cfedccddf851075c7aa6b85a82712c22612c2b5c0126ea2b6d8e55708512d714164fd1e610a2cd137301ae0f1e76efe2e84a83b565d2b443d9110369110ae05967013b5c52ebf42886a890b22ebf708536089be81d1008f3f77f3772144ddb1ea5a21ea8984b08984702db0849ba82d76f91542544b5c1059bf4798024bf40d8c0678fcb99bbf0b21ea8e55d70a514f24844d24846b8125dc446db1cbaf10a25ae282c8fa3dc21458a26f6034c0e3cfddfc5d085177acba56887a22216c22215c0b2ce1266a8b5d7e8510d5121744d6ef11a6c0127d03a3011e7feee6ef4288ba63d5b542d41309611309e15a600937515becf22b84a896b820b27e8f300596e81b180df0f873377f1742d41dabae15a29e48089b1484f03b2484bb8425dc446db1cbaf10a25ae282c8fa3dc21458a26f6034c0e3cfddfc5d085177acba56887a22219c828470d7b1849ba82d56d91542544f5c1059bf4798024bf40d8c0678fcb99bbf0b21ea8e55d70a514f2484530842f80409e1ae600937515bacb22b84a89eb820b27e8f300596e81b180df0f873377f1742d41dabae15a29e3ce529bf99e78410420831af441059bf8bc644cf5d08219a90a7fc6e9113420821c4a2524164fc2e1a133d77218468429e72ed622784104288c5a582c8f85d34267aee4208d1843ce5bafb9d10420821ee2f1544c6efa231d17317428826e429d73fe484104208f150a920327e178d899ebb104234214fb9e1112784104288474a0591f1bb684cf4dc8510a20979ca5f1f734208218478ac541019bf8bc644cf5d08219a90a7dcb4c2092184106245a920327e178d899ebb104234214fb979a513420821c4ca524164fc2e1a133d77218468429e72cb2a278410428855a582c8f85d34267aee4208d184981b85104288264482a839d17317428826e429b73ee984104208f164a920327e178d899ebb10423421e646218410a20991206a4ef4dc8510a20931370a2184104d88045173a2e72e84104d88b951082184684224889a133d7721846842cc8d4208214413121744a239b1ca8510428806c4dc288410423421ad4f7b86298e44f360950b2184100d88b95108218468422ef8ccf9a63812cdc1f5efff82592e8410423420e6462184104208218410a25131370a21841042082184108d8ab95108218410420821846854cc8d420821841042082144a3626e1442082184104208211a1573a31042082184104208d1a8981b85104208218410428846c5dc288410420821841042342ae6462184104208218410a25131370a21841042082184108d8ab95108218410420821846854cc8d420821841042082144a3626e1442082184104208211a1573a31042082184104208d1a8981b85104208218410428846c5dc288410420821841042342ae6462184104208218410a25131370a21841042082184108d8ab95108218410420821846854cc8d420821841042082144a3626e1442082184104208211a1573a31042082184104208d1a8981b85104208218410428846c5dc288410420821841042342ae6462184104208218410a25131370a21841042082184108d8ab95108218410420821846854cc8d420821841042082144a3626e1442082184104208211a1573a31042082184104208d1a8981b85104208218410428846c5dc288410420821841042342ae64621841055f3cc01abddbf0e5ee35e38746d5570ec3ff45f6da62d84104208216a80b951082144553cfdb6d5ee13d337bb8b97b4b82b1edc55190ff8631ed8e5be3c77abfbef11ebccf48510420821440d30370a2184a898bff1bc79ec06377cd53ed772e8a8db7f383ffba0eda8dbb8ffb0bbfaa15dee75a3d79be710420821841035c0dc288410a2629e3b688dfb9d17b16bf61e76475d65c6fe878e38376fd301f7d9595bdc3f0d946bb41042082144dd30370a2184a888bfebf76470897e68c7a1aa44306cda7fc45dbc64a77be5c875eea9c6398410420821448d30370a2184c80d22f8c5c3d6baa12bf7b9ed078e543d1a3c61ed7e77e2944dee1f351a2c84104208515fcc8d42082172c1bce07f1eb4c67d77d176f7e8ae3677d00bda4aadcd2be1b57b0fbbefddb9ddfde7ed6bdd53bdb0b6ce2584104208216a84b9510821442efedf80d5ee7f276c74e3d7ee77bb0e1d71478e56361eccde7bbc121ef1e43e77cc1debdd33b46c921042082144fd31370a2184280b2ed12c7374e1bd3bdde6d6c3aecd8be04adda271897e62779b3b656621401623ccd6b98410420821440d31370a2184c804c1fadcc16bdc4933b6b8191b5ac348f0d10a4783f1a2dedc7ac4fdf5b13dee793eadbf954bb41042082144f7606e14420891c9d36e5bedde7cc70677edc3bb4380ac4a84307bb1ebdeb6a36ed6c603ee7d93364a040b218410427427e646218410993c7fc85af7f505dbdc833b0e79115c10b7798d7d0990b5bce590bb60f1cee0626d9d430821841042d40973a310428854fec60bd7f74fdae446acda17e6f856228231f66714f996c7f6ba578c5c679e430821841042d41173a310428854fe65f01a77c5032d6ef7a1ca8363b1ff61ff7fb3371d709f9bbdd5fd83a2440b21841042743fe64621841026cce5fdeafc6deeeead07dc617ca22b30f6662ef1eabd6deeca075bdcff8c5ca728d142082184103d81b95108d11448845506f94580acc14fec753b0f1ea96a3478ffe1a36eec9a7dee93d337873588adf30821841042883a636e6c4268e03eb55fd7208db8b0e8ad2283eb2238cf336e5b5d114fbbcddf6722ad5a518bfc0f14d3b2ced15d98d79541bdaf97114c0417c19d5e3e629d3b66cc7a77dcb80dee5d1336ba774fdce8fed7ff97bfdfe8b7b326eebf0e5ee39ed97f7538aeb796e19ee2b983d6b8f317ef740fed3c14dc9b2b35964b7a64579bfbf13d3bdccb866b345808218410a2c730373619ffec1bb7c78ddfe83e32757397f890e784c99bdcfb266d72eff0e9bd61cc06f7e2616bddb307ae714ff74212d1639dbfbb79a617456f1fbfc17d6afa6677f28c2db93869c666f73e2f9a5e3cacf6817dc89b578e5a6fe669257cd8f3c1299bdcf1fe1920f2de3a76837bb54ff73f6e5febfea9f80cea2d3cfede0b489e3dd7c1f558d719e744bf1fe2b3d6d74547076bdcbede8b5baee573b3b6ba6f2fdcee2e5db2d35db76c97bbedf13d6ec8137bdded2bf7b9c12bf7ba5bfddf7f787897fbf97d3bdd37166c77a7cedc12f291fc7b8e7f3f9a7d691f9e0fcb257dc0bfdb13d6eeaf6a3418dbe7d573ff157bdd7bfcbb4459b1ce258410420821ba01736393f1bad1ebdd1f96ed76b336b67689191b5adde475fbdd1d6bf6bb415e64b0bee8ffddb3c37d61ce56f791699bdd5bbc30fb772fca185deda99120cefb122f666f7a6c4f08d6337f733ee66e6a750356ec09c17d6a2d8ae828f8961769569e56c24c9fff53d7b7ba896b5b4334df9b1fdded7ef5608b3bf7ae1deef3fe197cd43f0344ea4b87af0b23a4f510778ca65ee7cbd2647f1d338d6b4c32de8baa2ffa6bab5527090298915feef38cb9dbdc355edc4ef4e7b873cbc1b0cccfeabd8743b4620499d77221e2b1ff33ac67bbcdff63d59e36f780df6f817fe694e35f3db82b94dfb78ddb108475bd3c027a3b9415de5df263d59ec361e9a34a8d4396b7b4b933e76d0bcfc83a8f1042082184e826cc8d4d04c210d7d0b95e14d250ed0ab83de22e89b8d8ef5bca3bbcb0d8b8ff887bd28b0b5c2947addee77e70f78e305af9ef43d7f688eb29a3508c46edf02a285afb340fecbb766f9bfbbd17568ca05b695703f7ff3c2fb07eb374973beacf113f673590ff6d41dc1d757b8ae26efdbec341e0b1662b62f992253b83287eede8f5e15e6ab5862bf7c2e83322729f3f77f2da9210348991c59fdebbb3cba29c7323ee5fefef89915f462d1fdbdd16d23fe44f963c771618cfe2a0cf4344f363bb0eb9d14fee735f9ebbd5bd7ad4bae051c0f241d6753422e4edb306ae719ff065e6ae2d07432742944f79eda8cf50ca251d6e783fd4a3134608218410425480b9b189a0911b09e17a198d6684243092c4a8dce5f7ef74ffe945134ba774a7cb34e7bc60f18e702d9518bbb77885cf2821a38356dad51009e1df22840ba7aab9912e70cf44f98d3a2be66c6c755f99b7cdbd74d8bad041d0d5f9ba1c1b09613a42cadd0fbf0721ec9f47b5c28873722ca3eab8aecff3e598915eee95f423ba621c4f7adcd3a22d074247cab39bc85d1a97e8ff19b9de5dffc8eeaa964bc278efb71e38e2de386643cd3a5e8410420821441730373611dd218423a3010d08b13dbe41bd7a4f9b3b6bfeb6308ff869ddd038c6ad95a04853d6b75625840ff80bbf6fdb41f7357fcdb51241dd218493c67980114f840de2f1bcbb7684a56cbab2a66b4f0861aef78d776c086bda327aebff57b77c245dca00eebd17debb338ca83fe336fbba1a09bc069812b0717f752ed1bc6b9bf61f71df5db43dccb7b6ce218410420821ba19736313d19d42386e5eafb836df425ed672c8fde2fe96307fb82b222c0f8c1a32df9311e94adbf3ec4f831ef7e8ab1fda15e6c2d66224bb278470649c0f981fbb62779b1bba729ffbecac2deedf8a6eebd6f566d1dd421851858b37f3bd71bfa74cd53b0f499f0e84c777b58539f0bc3b8d1cf489e7c27249a357ef0f5e0495e66ff48c47afde173abc341a2c84104208d14b303736113d2584311ac987bca858bac38be1252dee4dbec1fdf43a8eb0313791603fbb98345aa17104f31c718f66fe29c29d28ccd6792aa1278570649c9791be2dad47dcf40dadc1759c48ce95de5f770a61a2609f34638b1bb862af5bbdb7adaa91ca6a8d7240b95db9bbcdfde591dd214a7ab523dabd1d02cb9def9f0f65a39a2c66cde07bb61e7467ccdb16de6dca88751e2184104208d1cd981b9b889e14c2188deb56df585ebceda0fbfe5d3b8290b2aeb3ab30cff1c4299bddd835fbc31cd26a8c6be5d8653bdbc2c8f2b306763dfa756f10c218e7c6657db717fa4bb61f74bfb87f6710c3958ce075971066df0f4cdee46e7b7caf5bb3f77010a5dd9d7785e04f47431032c4f03bfd3bd46822ef1f7df93e75d616b770cb818aa71260bc66785f3072fe8a91eb7b6dfe705dc03ae18ceee39902fc1bf14e798bf6b18e1742082184e893981b9b081a77950a61dac4b5141ea44594e1715ea47e6cdae6bab84fe2cafccd85dbc3e873953a3818c76e6d3de2aef2c2f5455ef475f55ac9ffde2084b1e8b946aebf44737e79056bfcb25fbd8530fbbd64d8da10b8e9c9bd6ded11a12b31f68fe079427c5b5e63df362f88577a318cd8a3e3c0bae6be08cf9275a86f7c744f7b04f04a8cfdf71c3ae2a6acdfef3e3d734b55eee304243be68e0dee93d3b778369b7cc2c388fcf386acc95d4e23284bcff5e7788bbfcfd3666f0d4b987defceedeedcbbb6bbf33ce7fa7f33aff99b0bb6b9cffbdfdf3b715358479ca8e179cb2bfc5d31d8184bc859f710f171cf8b7cfaec6fa5034cc760ea021d2f9f9c919e2fe4194b8835b2dbbe10420821ba88b9b189a0f1588910a681cb085c8b17302ccd1341a0229624dae51bbf349c592a256fe399fd60ddbec36119a15a2e4f04dc23cbea30b777536be5f383e3c6b1b87b925f6ff18df4ae3634b9b64a8530fbf10c581e896057edf8bfd946fe13d48967c0485ea5f7cbfe8c0e3fb9f77010062c7595673e34f7524f214cfacf19b8260814dca1b9c672e7c0d8877cc0f360bb3fdf232d874280b089ebf6bb716bf787e069ac338ca06d3958707bf6fa36b7f95b0d73dd1150ffd8204b2b2110597f9afb222f2ac88e6087fd41e4f3a5f7ef0ce2d13a47395e356abdfbf97d3b83b7c83d29dcb9e54058b39c48ee79cb10eb98734d085bc4ef2d8fed718fede2d91f09ef0f73e6817f0365143778bc492ef2d783370891c35f565c8fbbdcbb4199f8eafc6d6ee6c60399f7c2c8fbc7bd58264d2b1d60bac2fbbdf0bffe913d9969f1db9f97ef0e1d80563a420821841012c29e4a84308262732b233dadc1353562c08abd6ec8cabd2128ceec8dad21f812e2ccb723738b1598b1a1d51d5bc3e589009747822ab1f411ebebe6b99e2c438021fa4f99b13904e0b2ce99976a8430798a4bee642fe4c6ac2ec0bd01c26e6a107607dca3be71bf69ffe1e0eecc286fa5f7cdfea4c3fab979eeb3de42f899fd5787b28a08f6b7942b7de0de99e37aaf1707882646f98834fd4f035787a8cf2f18b2368c2a22ba463fb9df2ddf79285c57e8ccf109e0065dce104e7336b586a8e4f50efa566f88e07ec2e44d6ef8aa7da1ec546ae416effe8827f7b913a76c32cf9187378fdd1002a1f1be51ef24617b34ade2fd9336babff3cfd24a2782f2c974069670fac9bd0581cdbb14a5e7ff5752a6a2bf21be0f1d25f785e9032dee9de3378634adf345f0ee5cb878672883d6bdb00de8c0e25d63febb950ed0f1c6dcf829fedda7b32199561c46e3ff6da884b0104208215230373611950a611a810bbdd06154c24a8f118b578c5ce7ceb96bbb9bea452d23c53436f318bb3132f3e37b76986957cbbf78a1c9c826735f8ff8c663cecb49b5c2fc501746980926649d332fd508e17dbed5fca7e57b828b64323d46a718517ad31debdd37166e73d72edb158431c2b9f5b06f20fbe3f39e87fd107883bd787ccfc44dee6f13e74a524f21cc7db1bcd380157bdc81c3f9c419e953f610cefd57ec0d2ea369019bd806ffe07fc71576dc9a7da113018152ee3e30f66379a1df2c6d712f1a565dd4eddec2bffb6778b917794fec6eab68641ce3dd40843dbcf3903bc7bf73bc7bd639f28010bed90be1ac4ba093830e8e3c42f8effb17e696d319c2b3e53a2bbcbdb03f70ec069f06d7f74a5f2eadf34520847fea85309e3369469a789ae411c2277b213ccdd7ade5ae7daa84b010420821b23037361134fe6b2984490f114063eed8711b8300614e6db9461bc63eb827debe6a6f4d85042e967f5cbedb6d2eba45a78df085df00b19ca100f88dd198fbb71f0a8d754b58e58563ab11c2373cea85b0172c6969220a18997ccec0d5610ee477166e77239fdc17d66f0e0220e3fe220bf7e977c6c51597504b78c7e1bcf512c2cff579f4f9395bddbabd050153ced885fdb8f65f3ed0e2de3086357fcb0737e377469e995f49102c827185fc22cdac32e141c8dcb5f580fbd0d4cdee591962a637431e9d32738b9bbebe357482a4dfb16dec4fe7c35f1ed913e6f7e671a94fa3964298f285fbf4b055510747e1de2abd3f8c6378d6b8d79f316f6ba62b3348080b218410a257626e6c2268f8d7520847902e42eced5e0ccfdad81a1a79e51a6efc8e27260d4ce6b695132d792098d587a66c0e4b1ed10e4dbb06b633bf79c3bec3aeb5adbc70e777dc3fbfe4c55957e634738fb516c271489fc633eebfeff2cf1951c85c6c221ee712c31e969bc2edfa835336650a1bce550f214cba08590237790d932b5dc42b22f60a7fbfaf4704fb3cb0d24e83799db807e3f6bf398c1e96bf1fff5882cb3c6eb02f1dbeaea69d39dd01f9ccbc570291b15e762416f31afb029d019f99b525e4a1759ebcd452082356af5fbecbdf5731ca7885f716375e1bcad6ef1edae55e31625d59b12f212c841042885e89b9b189a0f15b0f211c4184d54bef6f098188f2343cd9e73edfb07dcde8f55d1a4d8a78963fff0fefdee11eda7928732491c62d11a587aedc1bdcb3b3f68d0c31c91cc6378ca97e4e33f95f4f211cc1791003aff5f9ca5cd868d9a172c61e44465ebae3a03bff9e1d99aeae9ca31e42f83983d6b8cfccdc12d2cdf35cd885b9e0fd1edfe3de3db1bac8b9dc0b01a3bee485c94c2f3a083e96e77e180dbd63f5bef04ef5a5b9c2dcef33fa3f198418ef1f736f73647589f16ce81cc2259a72d0d5a061b512c2d441cc017fb4e550d83f2d3db6a71119ff266fe858fbd4f4cdb9ca9684b0104208217a25e6c6268206703d8530b0c4c97c7f4cb9861bc63e0852462f6b31a2c67c470411237559e7a711cfa827ae8ecc21e4ef72d7cb3e2c33f469df30659d62ebfce520ffbb4308473087fbd5a30aa3ab44d066a4b39cb1c756bf2ff9c2e8aa952ed44b08b3f4cc254b0ae23d4f9aa15363e721f79579dbdcf387549e47114ff590578c2ae32950eedc18fbacded31696e3a975f4f37a82e7c48b87ad75e3bdc0637a429e7b8d2ce4b98779f3046e2310592ddedd5a09615cfa99cf4fe02f2bad70fdfefff04641c8535710db80b2492476042af51eef3b1041fa022f6ccb4d158890101642082144afc4dcd844d45b08933e515a1941c9a1b942e38e403bc74fce76c3cd0b2341b85afb3666aaf1138dd4ab7c63f9355ef81058eb6031b05496711c8d7fd6dbcddb284ed2dd42180818f5e1a99bdccc8dadc11dbcdc79f9dd6b0277d7968361142c6dede47a0861b6bf77e2c610913ccf9c557e3fe09f1d4be2107d1ce16fa59b1746d19933cb3d6595a1c8d885778439d5b8475b69f63610fc94c1b3176d0f0230c76d9658242257ed391c46d0bb12202b4e2d84306592605604ca3be81fa09516e296f2ca33fed3f2dd61fac0e59e2b1ed81504341d6974e4d1e9458708eef2d499c973a521212c841042885e89b9b189e80e214cb4df3b56178470b979a9fcfed08e8341c076550873fccfef6b0923386967e57c3484efd97ad09d356f5b18c523b22ca38fbe6d5cd638f6f695fb820b6e35aea03d2184392773b069ec3feef326afc08b46c21087a461a55b6b21cc3cd3cfcdda123a33c8eb7269722f1bf71f71dfbf6b87fbcf2af32709239ce477868e2931ae13e18e10b7f2a9b7411e1fefdfb707bc58e4fdaec4d89b3c2720de2d8fed0def7ab5de11496a2184a903deec9f1f23bd69b7c67bbe7edf11f7a3bb7784f24bc740743cc1c3e8d06084ffa27b7706a1fcb1699b33c56a12096121841042f44acc8d4d040df57a0b61021d8d5f934f08e3aa4b83fcadbe11dc15f74ace8ba89db4aed5edc910656c67549725828814ccbab2cc4f663d641aa6e58ceb7dd00bf7afcedf56d59c50aeb3bb857004cb09cd280632cb635b7d43feb6157bddbff87cb53a29b8975a0be17f1fbad68bdaed6e59cba1b07fb9f28330ba7beb41f7712f569e5d23d7e4e70f59e3bebd707b081a9627a72813ac33fb91a99b439e5869f616c877bc20ae7d785788109ee7fe220bcfc3c3fab704c8fac4f42d614e7eadeeb91642188f8077fbfa2d4d0463a4c19adb677a11fa3cffacb33ae0083a572e4a7412096121841042f44acc8d4d048dd67acf11fec8d44d21fd321a26184dc5c55ec8bc64d8da2e35a81995c2bd9ac05759a745b4d040bdecfe16f7222fe210062ff48dc70bbc3843a495bb647edfdc7ac4fdeac15d55b9c2728f3d25845fe2af9751bcbceeb034d4711145ec5ac2957ba9b5107ee5c8f5216f59b335cf35b61e3ee2c6acde17e632d76a64128175e2944d21e27096a08a2c2a532cf7d455af867af3af5ef87d65de56f7c41e02c4e5c9e10e636ffa509ef4f9c2fac9b844d7f27e6b258471ad278db44e14ee61e7c1427035ea42846b5a79ac06096121841042f44acc8d4d44bd8530e95fb2a41835ba4ccb8d9f89c83a655d6b98c76aa59717466dae5bbebbec1ac6fcb678db812006884eccf53e6be06a77d28ccd5e4417a2cc9633e6aeb246ef095e2c59d792454f0a61f2f8e2253bddaa1ccf064330e04acd9c6f4b64d64308b316ed0d8fec09eb1f974b8f47d572f070705fa55383ebb1d2ac14d2798b1765b337e68f5aed2fd79d7be7762f6a6a37425a6b70017e8f1789237cd90d51a2ab10c2049622c81cf541ad457f2d8430e50a17f5aca8df6c2702fc165f573045826591fe77fcc620a279765d7d7e12c242082184e895981b9b081a79f512c2a4fdc631ebc3f233858676319114e3e7f5fb0ebb6b1ededda5c627c19c580f95e8d32ca39366fcc2cfc356ee0d0de9487cb3e6ec3177ac0f01be4230a932178e40a4318efb6ca56e93dc674f0961ce7dd6fc6d6eb1bff63c1a885d1815fde8b4cda61b38e9d5520823ac881ece1cec3ceb1eb3eeedc6fd6d21785957a2455bbc72d47a77ebe3d9a22c6e8cae5e7e7f4b88c4dc95b25c4ffecbbf23e4d513bbdbca0686b38c29050ff877ec0777ef70cfca106fd552ab605944fe5eb1eb50b8de34e31cbec80631ba71ffe1b05cd8b4f5adeeca075ac2d40eca67b5cf51425808218410bd1273631341e3aed642180143001e1aa044ef65a405119347502eda723044e9b5d2cd0b0dc9cfcdde125c96337470684832a2f52bdfd87df5a875ed0d5d1abdcc05fcdd43bb834b6e561a183f135c8b91a4978fa8cc3d9a73f6941006e6b1d2e02ff36882b10b228165892cc1cfbdd452083fcd0b9b0f4dd9ecc6add91f8465b9f283d059bde7b0fbd6c2edeeb93e4f93e9750504ed2f96ec2c5b16223be277bc6ed9ee30dfdc4aafa7e1f99d3c63b31bbfb63017be5cde268dbd71a9c79db82beb6867510b210c044d239d709ffe9872771aed43946996c29ab876bffbd3f25d21623ac1c0a8dbe201b5ca21212c841042885e89b9b189a85408333277d79603eea353378551a0081a7b2f1cbad6bdca8bdf774ddce8be3067abbb7ef96eb7c98b51465aca35daf89d604cac6fdb95656710e11c8f7b2c6b80a69d97edf0d0ce43eeebf3b779e1dbd160244f68707e63c176f7e08ef2eed1fccab9c6aed917e6925aa22e8d9e16c2c78ddbe0463fb92f9710c6e8d420baae3502586b21cc3338c937fa69d0e7b93c96f0c1759b08bf94c7647a5de105be6cb3ac565e214c7e221209fa66a5d79390d7aff702fdea8776b9d57b0b73e82b11c2ece98ba09be3eb8cd3fd7bce73b2ced3556a2584ff71e0ea103c8d7801ec1feeb77078a6b10f1d30d4797886ccdad81adcf4bfe4eff9b5be9ecb3b0a2e212c841042885e89b9b189a85408d3007e74d72177c9929deeb3b3b6044ef59ceec5c777166e77573cd0e2063db1d7cdf362a8c5371e110ee51a6cfc8eeb34c79c316f5b97e6073f73c0ea30ef113146bb33eddc6c47a08f5fbbdf9d3079937b66a2318fa07eefc44d6ef2ba827b749615d23a1ad62afdeea26dee9f8cd1d2347a5a08238886aedc9b5b08d398e7d95b8df55a0b619e09e58bf58ef35c1e22e7112f763e317db31729b515672c37851b39e5398fb1dbd095fbdc3bfdbb65a5d793301afcf505dbdca22d073a846185421817f98b97b4d46c892a8b5a0961de650279fd61d9ee301fbe2231ecf325c0bf3d44c89eefeb4adcde4ff4f5c67373442697101642082144afc4dcd844542a84697c31faf9f0ce43a1211df0c2e7ae2d07c3e82aaec4958eba20ae57ec6e73bff422fa95233b5c94ab8151695c6357fb863ae9a6194d52d61665d998d77a314863399e0ed74023ff86470beed159f712359699dfcc283811afe36965d19342987333824fc7455e1d843b2ccfc95a9a88f46a2a84bd603b6df61637bb0221cc324b4429c77d35995e5740487dc98b147f8a5cc66ec357b1be74e501d4ea0d735e077b914edee7bc9d76637f041beb24337fbb2bef6a396a258481f2f5b6711bdc4d3e3de644879805c5342a31de735cf09fdc7338cc19676a01e5d43a678484b0104208217a25e6c62682866c254218a301969772c63e2dbe417e8b6f54be7b622152ab759d7940cc226a718b269273d6382e2219b1fced45db7d63d1169404ddfaf13d3b82b862ff348b468c685c1359f8edbec19d5720b05f8f0ae191ebddc01595096146c3ba4b0833d7bb12214c074d6f12c24c13b0d2eb2978bf7e76dfced0f1c4fb91f376da8dfb5feedf07a63ed47ad43d492d853030e7fcadfeddbceaa15d21901ec2b3d2fb8fde75ea830dfb0e07f777229b67bdef12c242082184e895981b9b081a70950ae15a198d4aaf83427466d6fcedeabaafb87c7e78ea66df006c2deb924dd02fa225b3c6a8150139e263d336bb991b0e84e557ca197b3cbeabcd7d7be136f7342fecb21ac711ecd3934298f57671e1cd2b8499c74da4e16e718df6cfb352d7e8e55e08d7c335fa7943d6b8af2da8cc359a51d377f422d768f298e05d88c09cb75162bcafbc064452c673a3928051d5506b211cf10c5fcf20e459139be3a90b2aed14605f58b9bb2dcc99c78d3fed7d97101642082144afc4dcd844d078eb6e214c03ceeba41081783062617c418ca63524f38208fbdea2ed61a994ac4622bf31d76ff0137bdd7f8fc876c57ec9f075eeb6c7f786f9cee51a9efcce8829f79437b22ce7eec939c26ff7793f66753e21cc2e9bfd333be7ceed210051322deea5964218c142a4de29be419f276f10348c742272ac11ebae80d7c00feeda51911046c4bde98ede112c0b6f09c43c6ef03b7c1945d45662ec8d08e6d9d23984b8b3ce534bea258429a7749abd68d8ba108ced8e35fbdca3bbda42270fe100385f1ccba2df76fb03a6acdb1fa651586518248485104208d12b31373611340abb4b08871160dfd85bb7efb09be41b8fdff7c282f98ae5e6d8e58146e81bbde820200e6ed1598d4422c1b26cd23977ee70ff5a66bdd9c89594919f720d4f8c116ee64a135536cf08774f0b6144cd0c1ad5394ece2ecc83262ab3f5cc6a2d84714d270af7d8355e08fb9dcba547e70a419c88ee8c2b7332bdae4024f25f3dd892eb1951ce11cc2ca7c5723b567addcd7306ad7167ccdbea56ee696b177b951879bbb9f5b0bbc8bf0bacd19d26fa6a49bd8470049d03884ea65310308f2070c356ed73f76c3d184431e7cd2a776c275f5678114d871222d53a8f84b0104208217a25e6c626a2bb84308d3604c2dabd6da171fb212f70184541ec58d7552908b34f4edfe2a614dda2b30c21bcebd0517795179f5f9dbfcd7d7eced64cb8de27bdc02ad7f0c468eab2c4d0795ee4e71935eb6921fc357ffff779214183bf9c716fabf61c76eff6e5e5ef0d915f6b21cc883a51971961a783a15c7a3c77f2feb2fb5bc27247c9f4ba022ec54356ee2b5bb6b0820bf151f7d37b778465b9c8172bcdee026f0b84dae8d5fbdcdeb6ca036471cfbc2f13d7ed0f01b2ac35a4eb41bd857004cf0781f95f23d685e5c4f028f88d7f1f9962b1765f9940791e3c5be81c4a9b972e212c841042885e89b9b189a84608d3000bf8c67ea0f8779645fbb07cc9af1fdc55b26e6f2d78fe90b5ee0777ef08e997bd16bf03c26ae9ce43eeaeadc5c8d719b0fe2811a6f3187be1764dd02ca24727a35127e949214ca39a51b09067394e4e9eddbfe350981f4ae0a1647ab516c240202222711350ad6c7a7e075c55ffeaf38651cb72799f17ee0b21c948615e218ce0fcc6826d99f3cfbb03f295bcf8b1cf633c3158e6ab52436ce23a7cf6a2edc1bdba56f95a8eee12c271e87c79ae7f1fe9f8f8cccc2da1ec11542fcdb8363a5fc89bb47585258485104208d12b313736115d11c28cac42f83b47039b3d103ee3d616469638b7754dd5f0ba31ebddf58feccebd2c4ab8e60aa8c4180ddce385f307589fb8cce8594f0a61e64713ad9b067a9e73d319c0a820f3652de15a0f21fc727f8d44a9c6e539cf3512d48ce06b6ff5220ad160a5592988d94f4edfec36ee2fac8b5dce78279edcd3e64ef142aade01a5ca8108fbf8b4cd613d6c44639e3c8c1bfb533e586bfa15fe59d4ca83230ff510c28878cadadfe4b80fdcc9591e691caef9c5f3258ded08e1efddb9a35709617e9310164208214426e6c626a252214c036bd7a123ee811d8742345f60de21a3a0590db3c8680ab22eef350fef0e0dbe5a8c2e710f9ff6a263d6c60341a8e4b98e7a1ae7e73a2e5eb2d3fd679935857b4a0823d03e35bd109199f4ca197bf0dc98838d40b09e5b3d84f00b7d439e39bf8cdee7c91f7f5ab764fba1204219d9b3d2ac04ee09177e2203ef3d94b38cfb9d66f97c7dffa44de1782bddee803c6564f38a075a429033ae3dcff5c78d4e9d07b61f749f9fbdb5dbefa5d6429832cbb3c4dd9e3aef7f46ae77ffeccbf233bcb824301b73fac933f6032241b3f670bfc7f7a65e03db37f9bc3d73deb65ee31a1d79eae0cd72e2e44d21601b9e1569bc71ccfa30a73eed1d144208214483626e6c2268dc562284db7c5b0e17d14f4cdb1cc4148da71fddb323acdf8a08296734d02231cc3c61a20f77b581cd7cd59f7bd1499a3ef95e618821f2f458df90ce6a6072efdd2d8439e7b37dbefff2fe9dee89dd6de15ab38c9fd1ca3ce3af2fd8161ae3d633635bad8530f35111b50876aea15c9adc0b82230aead4d5b28520c22d9a68cb070f17ca6f96f12be291b5ac5fe745a89566774187c5e95ec0b24c10f9522eefe216ded3625edee4c5684fb878d75208530e18b1c585f9c11d87828701eb679f367b8b7bc7f80dee2d5e1012d88cf2fb7cff3e3275e335a3d687f2bed0e75fda3590476bf6b485a06e6979d4534298778bba1a41bc70736b2ab37c5a780d649d57082184100d88b9b189a081588d10c655344ae31523d7bb7e8fef090dafac466b6434d25abd50a2418a0b2ba331f16baa9457f8062c6bb656dad8afa7711d04d141882048aceb06f2bf3b8530e77b86170c1ff40d77a245979bfb1c1ad5febf34d2d91f97762b5d20ed5a0b61d26479adfe5eb4948b068ef13be560c4aa7deedd13d323f9e605f1f4252f4e587bf730099731f6e03a19c57e618d037655ca1bc66c707f79644f70172f7fe5a5c6fe07fcfddeb1667fe808b0d2af37b514c294af37f9f470eddfe5cb1c8f12a8cff6f8e7c5b25b239edce77ef9404b8866ffe37b76b8014fec0dc1b2b23a60383fde31b8f0a79dbfa784302efa9459ae3f0d7feba10e6044bb161e1442082184e843981b9b885a08615c0a598f335a86c7ffafacd108a5817eedb25d21f892e56a9b17466d966ccf17f9b8bb8c86280d4c2253bf6a54fac860770b61968322bf71f7c4a593c6709645421841805b34a3ac56ba500f210c44f3fd891712b8e0e7c923f67972cf612f68b6bb17f9ebe1baac74cb41993cd68ba73f2fdf1dd6872e7b3f3eaf101f08b38f4dddec9ed54dd1952d184947d03dbaeb50f0c0a8c4b84fde4f3aaabeeb057d4f05fcaaa51046405ef1c0ce30124c9927cd08fe261de6f5531e11ac3c6fde5f8462b45fd278de5b5a0f874ec07ff5ef705a1dd6137384f318c7734574dc7c65feb69a2f3926841042885e8eb9b189a8851086170c59eb2ef08d3d5c6d23f154ced867d9ce4321ba2e0198e2e9e5e59f06ae0eae9b41a874b565586363bd56d64b3e61caa62040adebef4e21cc3520ca71db5ded45258dff72e7e4774606176d3918969aca5a3aa75e42f859fe1953de666f6ccde77eefa19365fafa82cba715e13a0fffeecbe4795e4c23b4f2acbdcbef6d3eaf18857dfd987ceb48d7039ec347fd7d4f5cbb3f88ab1c59d66e919847b4d101c0fcd26a3b12ba4aad843001eb98afcd5ce7b4607a6cab2c9f0a65ecbe6d07dc995ebc323d232d9f7aab10c624848510428826c6dcd844d078ab851046c81c3b6e6358ba266fe4668c205bc357ed0baebad5ac4f8adbec9c8d07c275659d3312e7b5228fd1c87c78e741f7ed85db52dd64c9ffee10c22c2ff529df80662478cddec35ed8e57b46ecb3697f6149224451d6c83df7520f21cc3909fa74d543bbc2285d9e7401e131f089bdeefd933785742a117488ef2fced91aa22de759ba09f397e6f3b62d7828b08e7125e7ab252f1ab6ce5defc538aef9515ee435f6f5452304fb626ddc6767b8f5d79b5a0861ca15737fc7acdee7f61cca17f5bb9c45794467d21f97ed0ae967450797101642082144afc4dcd844d44a08038de6cf7bf1c0efe94dbe52633fc40373f35eebc54e96204ac2b5b376f063bb0e658e06f3134298d13a1a9b34fcaa85e3191dcc639c775beb61778d17706f1863bb47730fd508e11bbd307dd1b0b561399b88a78117034f2f42a3997d3e3a75b3bb64498b9bb6be35084f2e3fe449482ddb101a085b4683197db7ee21827ba9871006c40165eed1964365ddb9317641ac200699ebf9219f0744f5cd3a0fd74f3e926f5ff0e5986598b67af192473cb10b22fd0e2fb898f7de53eec4dc1fcf8ad14ff229c7a5b71bfbc2fa7d87dd65f7b7b8578f5adfa5290b5da51642f87943d6baaff9fcc0638435942bc98f34235f99563068c55e77c2e44d21ea74f2bc71248485104208d12b31373611b514c2880846ee10b55b7ca32f4f438d7d88b23bcf9fff2bf3f237c668a0ff8b17de44f3ddeac56639218c1b236ed84356ee737f5ab6bb2a7015e57ccc47ce2332f89d86fa582f8e10a35650b06a843023ee8c707d72fa96f0ec220864f581499bdc27fcb361b91b04d1a545011c049d3f9673e43d0ffb31a7f2d70fee0a117493d79ea49e4298b45f326c5d7806bbbce0cc234e31f64304216a19e13de68ef5c10d9f72461033440a4be830c793a57588204c3924d2322388794ec33eb88f3fdad2e6bebb685b488febb5eea39ef0febd6ad43a37eac97d215f736651bbb13f656bec9afd61fddc9e9ce30cb510c2ffee9fe9d7176c77e3fdf367dac6e6d62361f9378e8bde872ce3f7088e215f1fd975c8ddeaafeb63d336e7f2620942f8def24298bc97101642082144b7616e6c226a29848151c30f4fdde4a67af1c5c8697ad3af60c165d9835819b062af7bf7c44da1416fa51d87f997eff5fb22baf671512916b9443382f3472f6699238b88ae06aeebbf47ac73bfb8bf2504d641646519e766bee5033b0eba73eedc1e966449de473542d8b75b4394db715eb0e0560ec356ed7523bd00624ef23d5e1830aa47345cdc75b94ed2ce9b3ec6b52318481b719de5fa19514f210c8cb2be73fcc6b01c0c8d779e7a9e7b623f44067976c323bb4344672241b3f6f4a77c393ed5ff97a8b93fbc7b87bb7de5bee00a4d1efb2cc865e42fe50bb773d6a6ed89b9c1e41fe5e8c7f7ec748fed6acbedb510373a779edc7b38e4c38b87a50745eb2ef0a2c09b82517df23709dbf126a1aea10eb3ea0dde5b842591af796f6f7a744f78470804c61401d220e0d50effcc19d1a75ce17101bc3f94cf2d5e3cf33e3de48fe11dbbc88b5a9645cb534f01e767aef9b2964399f7b2dadfcb67676d096ef9563ac05c64e67f0ff3ef655a5a79e178969c5be9df0bdce0e9c0b1ce298410428806c5dcd844d45a0823981859a3314de3112156ced8053141830c974ce6b35a69c7c1cdf547fe1c8cf230df35cd22317afff683be31bac33dcf10a395c0a809eedf8f06b1917d73d1b9b71d38ecae5bbe3bb87e27470aab11c218e9225ce2703911fe7fed546a1cb3df3fe8e91b5ac3e87256c33c4ebd8530208619e966749f11babcf718ed473ee1828a00605de425db0f856789d8615497dfa37df318fb91de7cfffef04ee4e930a8078c4cbe67e24637630323d9e5f33e69eceff56058768ab9fe8c3c5ae7e94ea84758e797b9e126fe9df9f58385e58e58be08d16ba503944dca1823ff2cabf5cd05db83b70469d03942870f9e13780210186ee1960361ed6a965422f8d9950fb4b8ef2cdcee581bfa9915e60d79c93ac3d46de67d14c1f302b7faacbc477c1388ed5bfe5aac34aae14a7fdeb779615f4d8c0621841042f461cc8d4d44ad8530e002cc680eeebb8c2a22dab22c1ab5458490f617e66eed2418e3d0187ce9f075616d594672b252e73746c726ad6b0dd7cc3c5a2bcdbcd048a5b13a657d21226f39630f461727ae6d0deed1c9f3572b84eb619c3f5cafcfaf591b0fb84f4cdb9cb9067292ee10c29ce39f7c83fd722f2a9e2c2ea754ee3c718bf6073a0c7884d5761c143a3a9c7bc08b694452a502a956f03eb0ac157982a0cf512c3b19c7e0ba7bcacc2d3d1a202b0ec296f78d8e982c107079cb0f5086d89fb9bdac138dab3c9d5404de23ba34a295b9bf4c3540f8f23b91a7c9e7ac7a290d8e79ba3f96ce3bebfae3503f943b07d7c1f558c7570bb105aab93721841042f461cc8d4d048d9f5a0b61d2645edca9b3b684d13646eef2187a19e1ccb22f3440d3467868507e70cae6e0228b5b7456eafc865826ca32ee8c5d6dec714dcc3bfcfdc3bbdd562f3acadd1a3fb30f6e91ff77cf8ee03a1e4f8febe94d4298d1443a0d3eee9f6fd6daa816dc4bbd8530b02fe5e3da8777057752d2e9eebc0b22d83f5896cf39efceedee85437b665e30e07acb7cd507b7b3cc5375a3c13bbc08bee1913dee3fbce8abe459d41bf294329845b5f91ea5cdfdb2b418a21b8f8308fe663bbf77f5d9727c2def254f5a95d0d5fb13420821441fc4dcd844d000aab510061a8fb81113dd7833c1ac8ac79733442373d710ae8cf4580db4e70f59e3ceb96b7b087cc3686b96f13373437fecc5d67f0eab6eade2248ca07c61f656f7484e91cf1ecc37bc6dc5de10c5399e16f7d71b847021df8f846060940746822b1544dc4b7708618846e6af5bb63bccf5a413a53bf28f7344f01e30f7fb25fe99567afdb582f3e22acbdad07828f8d7b32223df082447c02902a255bbe6b21042082184e863981b9b887a09e108e6e39176585b9856770e3be8f75dded21646949f33a8540c3342831b23029b867fb934fd2e41989116a33cf16bab16ae01d130c7df17c175f2184293c8d81f99569a6fdd2d8439471c02d9e212bbd0e7d12f96b404f7505cdbe3799e97ee14c2c0f3e47ac9bbe52d870ae5a1986eb9735763a4899b3f5e0bac5dfddd45db43f0b49e12c1c0a8fd59f3b785ce9e4aef99fd29be04d7bab0ca67208410420821fa28e6c626a2de429891bbf3efd9190213b18e6f9ec67a24360854c37236f1202eb881b2b4cb5d5b0e16d22b23841147039fd81ba2c65623ee2c4807f76c5c4937efcf5eba29327659b5a72dcce3648e5f3cadee10c2a41d41e70023d4ccb1e5b9134dfbf4d95b0b01878ad7550ddd2d8481799ec7dcb1c19dbf7867585266cdbec385a571fc432977fe4a8c8e0cdcf011dcb7afda1796626239a7bfbbade7020cd161f181c99b42a0279e6925c6eebc3bb8f7f37ebc714ce7406e4208218410a28131373611347e23211c1ac765a8540803f33919c1dde41bdd569a168c54adf3a28691aa5778811605aa4168b1fc0da39834fee3c758b02c136b78125ccbbab66a615edd19f3b6b9c7bc30420827cfdb09ff7f8c1eb39e2df710a59314c2b522b2e86fc421794194edfbb61f0cd7f16b7fce33e66e0ba3db8c72c7efaf1a3a09617fe2e8fc6974550803cf82f37ece8b79e66e13f1976575f6f96b40c046d7518945d74739e41a1fdd75c84d5fbf3f9425c4274bcdf45484e80846a359b39ba904dc6325c6ee7869f0ac88c2dd5381be8410420821440f616e6c22102f04911abd7a5f58eea81cccc79cbc6ebffbe0944d667a168c5c7d6ed696701c626cd721467ccbb3e3a0178e6bf6b98f17a3172396708bfefdb25daec5ffc67aafd67111ecf3d0ce43eed33336d77c6910f2ed7f46ae733337b406a1b4cb9fcbba8624776f3d1846b4393e4a87b9d43fbb6fa799dfd5b0d68bc0273d885e041c4b0ddde9c5e1edabf6ba4b97ec745f99b7d59de09fdf8b87ad0d23f6d1b5d40222ec8e5db3dfaddcd3665e5b1c3a3a18613df7ceed3571cba59cd169f285395bddb55e10cfded81adc7e19b58f46a8e31e04e1efc23f4b8c79b6040de3fa283f443fbfe8de1da11cb2fc566f7021266af097e76e0da23f88fdc2a5e736ee914063acd34b47482dcb801042082184e803981b9b8c170f5be7bebe605b185d2a076b617e67d176f76a2f48adb42c686423babeb9707b702b252a711e587268e493fbc21c488e2790cf9bc76e08a37efc661d13877d7ef7d0ee30225d8f863ed7739117b0a3fc3512e9daba8638133d839fd817d6006514334a07518338b6f2bb522ef75cecc52e6b269fe9052fcbe17c78cae63097f69523d78739a54fafe35229b8ae737f97fa72625d5f123a0058b2269e1f5d85fb2330da3b276cf4a27f9bfbf323bb433028464eb7b41e0ede044412a7032362bb67abdfceefebfd7e3336b486b24efe1d73c7fad05951cb6bec0a3cbbb7f8f780e06b5c7b75a3c12ce9b5df9d3c6373e80cb1ce2384104208211a18736393818b27818798f79a87684d4d2bad34a27330b2fbdc0a89af13fab4db56bb670f5a6dee67c17245955e6b25901fb8c95ae7b6605f8e49a6836b723c8fbb02f9f5f75e0c2208599794fb47c421a0ea25802348ff99fd0bf992975ab86527e13a2833e40365e0df86ae71af1ab92ecc39fff8b44da17385ce821fdcbd2374ec30479a517204e67f0d5f173a0c0ad7d69177d6797a02dc982f58bc332cc9d5e65570c5a3c1fe9895bbdbdc45759832208410420821fa08e6c62624124979b1d22807c7212a2a257ebe8ad3881d5b0faab9272bffd8560f92e7e90eaceb2887954e2d206df21c514c270aa39f7414b0ce75bc7382916c3a7808bef57731f15bcf6bab06eee3c4299bddb835fb0aa3c145719bd7d89fb9d3439ed8ebde376953c813eb3c4208218410a2c131370a21442f03714e5030829c31ff9bc075950861f605e66513208bf5b8adf308218410428826c0dc288410bd0846a619c93e69c666377f7361fdea6a4683891e7ecdc3bbc2bcf97a4e19104208218410bd1c73a31042f422706166b9a45b1fdfe3b6b416960eabd41841be6beb4177e2944d61feb3751e2184104208d124981b8510a217c13ce62fcfdd16d6473e5445802c843311b1bf7fd776f782216b7adddc672184104208d1cd981b8510a297c06830cb864d5bdfea0e7a455b8908665fa244ef3a78242c97f4d2e16be5122d841042082124848510bd17466e5943fbc7f7ec706d472a17c170c81fb76ce74177eacc2d61e9258d060b218410420809612144af850059a77801cb9ac15ecf56311aecdcbabd6deefae5bb82a08ed6e31642082184104d8eb95108217a18d6c07edbb80deea647f7541d257acfa1236efafa5677b217d3cfb8adf7ad8b2c84104208217a0873a31042f430ff31748d3befce6deec11d07dde1a395cae04280ac47771d72973fd0e25e3c6c9d44b01042082184e8c0dc2884103dc8336e5bed3e3c75931bb66aaf6b3974a4e2d1606cb73f6ee493fbdcf19337b9a7fbf4acf308218410428826c5dc2884103dc8cb86af73bf58d2e21eddd51646762b15c2ecffd0ce43ee0777ef70ff32788d790e2184104208d1c4981b8510a287f8fbfe85005953d7b7bafdc5b9c1950861f6654ef1cd8fed716f1dbbc13c8710420821846872cc8d4208d143bc7cc43af7a7e5bbddba7d872b1f093e7ad4b51d71eede6d07dd69b3b7b8a7df669f4308218410423439e6462184e80158dee88c79dbdc033b0eb936af822b16c29eedad47c2bac32f1ab6d63c8710420821841012c242885e0122f83f86ae7593d6b5ba5d878eba2345615b09ac1b4c802c965dd29ac14208218410221573a310427433ff34708dfbedd25d6ec3bec3ed01b22a816356ed697367ccddea9e374401b284104208214406e6462184e8665832e9fd9336b9d3676f755ff662b652be3467abfbf8b4cdee3f6e5feb9ea6b9c14208218410220b73a3104274337fe3f987feabbb04029874acf485104208218468c7dc288410420821841042342ae6462184104208218410a25131370a21841042082184108d8ab95108218410420821846854cc8d42082184e8b5fccdadabdcd36e5de19edeef71cf63311e777fd7ef09f31821841042c430370a2144064fbd75a5fb97fe0fbaff1cb0d8e485fdef737fef1be5d6b14288aef35f03ef74a3a77dcd2d9e7592bb6fd6a7da193bed2cf7d551379ac788e6e29f6e7bd8fd9baf8bad3a1afeb1df72f7b7be2eb78e154288a6c0dc28841019fcf36d4bddcfc65ee9264fffb2c94d937ee08e1b32c53c5608d1359e79dba3eec3c346ba3d0bdeea8e2e7abd738b5ed7cebc999f75278f18621ed71778c3e059ee9a893f75c3a67cab1303277fd79d3be65af7ff6e5b6e1e2b4af9e2c85bdc6d93cf31eb68f8f488c1ee5ffa2f358f154288a6c0dcd860fcd36dcbdc89c346bb2ffb8f423d79cb90e9eee9fd5698d7204423c188efa8a95f2f6980c77964f687dd27860f338fed299e7aeb2af7f2410bdd29bef167bdbf715e3968be7b5a05ef32c284fbfdc2c85bcdf44e1f799b7bc7d0c91a251735e12503ef763f1f7b65a7f7eef0c23704e1f3d2817799c7a5f1eea113dc6923fa9b653709e2eab411b7b993860f0962fc7db78f73af193cd7fdb317547fdbaf6ba38bcfe8f7787857b6ce7fa73be2057e92a5b33fe685f01ff41ee5e4e27157b855733fd0a99c44fce08edfbb7f1f709f79ac10423405e6c6068346c30d937ee4ee9bf5c9baf2fd31bf77cff2a2dbba06211a89be288471017ceb90696eccd4af99ef6f9c6f8ebedebda0fffd663a4910d82f1970b79b36fd8b4537d5cee9cd9df139f7955137f9fa412359a2ebe06d41794bbe771be7bddbfd74ecaf2b9e237cc5b84b4319b5ca6e927b677dcadd35f3d36ef68cd3c2a8e268ff3efdc57f5ff110f9dae81bdc87868d72ff3d685155f3945f34e01e77c9b85f76ba2f6859709cbb7ed2ffb9570e5a601e2b3a23212c84106530373618ffe33f9c33667cdefc10d492df4ef899fbe7db1e32af418846a22f0a61820bbda0ff12b760e6a9eed0c2379ad71dc1a81aa2d94a27c933fb3dea8ebffd0e776461a98b6ac4510f02e5fdb78f75ffa0912cd14518353d75c440b76dfe3b3b95b5595e9c32526b1d97c5a0c9df752df38feb945e25e0a2bd6dfe3bdc1c7f0d978fff85fbc8b011eebf072eaac8b3e23db78f0fc2da4a7bf68cd3ddc923069bc7091b096121842883b9b1c1901016a2b6f445211c71e3a41f06d74bebba23ee9975b23b65c420f3f824ff3ee05e77e1d85f9be9c0a185c7b8fb677fc2fde36dcb8318b7d210222f2f1e78b7396a8aebf09f26fe387ceface3b2a885108e838bf68679ef76bf9bf053f7c6c133ddffbbed91e039619d3b82007c678ebac9ad987362a7f4b6ce7ba7fbe11dbf73cfd57cd68a9010ee1dd019f49cdb1e0e01262d98be47f9b78e1542d41973638321212c446de9cb42f88c5137bb07677fdcbcee88dd0b8ef58dc46b72354e5e3b786e88d46ba5035bbce8fef3c4ff2b2b0484c8039e05e3a79dd9a99cedf165f6bb63fe58954b72ad85709c45333f134687e908b2ce1d4184e35f8cbbbc936705a3c1b74e3ed7bd79c874f338918e8470efe06503ef725f1d7da3bb60ec6f4c3e3b62807bb62fffd6b142883a636e6c30248485a82d7d590813306bcaf42f99d71d41e3fb0f132f702f1e70b799460423bc041ada3cff7fcd74e0d1391f0aaeac1a0d165d853244831a57fb6439638eef47878f308f2b473d8570c123e293214271563049e63d0f9df2ed4ec723e43eeeeb125cc2ade3443a12c2bd830fdc7e875b34f39410e5dd62a4ff96bea8ccb746085127cc8d0d8684b010b5a52f0b611ad47f9a78bedb31ffede6b5478c9ff61577c2ed63cc3422feb9ff43eeac5137bab6856f30d360746bfe8c53ddbff7bfd73c5e884af8cf818bdd6f26fcdc97b7ce73dcaf9e70917bd5a0f9e671e5a8a71086030bdfe4264d3bc37d74d870f3fcf0fac1b3dd77c6fcc9fd6ee24f4b2012fbbf79b1f637c631221b09e1de01ab963c302bdd0b69a27f375e5261a47721448d303736182f1cb0c49d3ff62ad76ff2b92603267fcfad9efb7eb3828a38bce80dee9e592799c7477c6e64ff3017caba06211a89be2c84e11ba3ff12e6ed5ad71eb16cf647dcd9a3ff641e1ff1ea41f3dcb5137f621e0fcc452662fddfdd5ab9bbaa104968505b6ed17b17bcd57d79e4cdee1ffb5517953c8f10e6fb3764ca77dce02967bb09fe1aee9e79721059e502cf45ecf4e9ff7ec285eebf06de695e03f3245f3cf09ed0711d8739944fabc2dd5b4808f716248485e8c5981b1b0cd61c645d50a2c05abc63c82437b3cc88f1c185c7b8df4fbcd03c3e82defabf2df3c1669e2073a55ee51bd01f1a36d27d76447f77d6a8bfbaaf8dba21cc5dc47dec5d432784259ff2aec9f8bcfe0f84fdd3608dd3685ff2828608eb3fb25ee35747dd187adc59f2e2150317a646f8a491f2bac173828bda9746dde2beee85c467460c0a6b48b26665b9751de920e0836b5d1ffc6b68ec14ce8dfb1fe763dd5522a09ee9f3853c621ecd7bfdf9fe63c0e2aadd4c1955e03c2c77834b2b5148bfecefe76b3e1f38c7e7460e0879c3ba989504b0f8477f7fd67d45707ff1fd49f73ffd7d1048869190e79759aa8772c3f5b03f79f089e1b787e7c6357fd1fff793feeff7dd3ed61d33646658c2ab9af9a89437960c225f70e5256d96fc21df499beb8df6ada510e67ac96fce4bf93a7d64bf502e2967270d1f1adcca8ef1f74d1ed6cabdf8d82153fdf5778e4e1b67f78263dd35137eeafea15fc7fb93846b9b33e373e6f1c05c649694b18eb5403053bedf31745228fb5f1ae9df355f37901f9ff7f9c27bca7bf89cfe0fe7ca0b46bf5fd87f895926e185fe9d7c7ac2e514e141fdc49ccc970f5c54f25b12aee1fff57bc4bd61f0ac10f197e7c7755276787e9f1a3134cc69658df5e7dcf65058c2ca4a270e4b4cfdc7807bcdeb05022645f36029e7ffcfefff36ff3c296fe417f5e8c92386b8ff1d3a31ec9f4c3f2fe41dc28c7249bdcc1aba3ccbaf847aa27fa8bf5feb9f45b5ef5ba590d7dff7c2e5893927742a6777cf3a395c67b5ef471e21ccbb40797fbbaf978fbf7d4cc813f28291681af9fb16bcc53c2e0ecb8b11102b797ebe0f8cfa269f75c4bff8679e678d7eca32c1ebde36648a3b61d89810f08e3a8ceba41efbf0b011ee9dfedd7a8517d8e5bed516945fde0fea8f0f7a7113af2729131f1b3ebccbe52e8ba8fdf046ffbe51377ed997f5e81bfe91e12342dd10ff16d74a0887f7dc3fa3570c5ae88e1f7647c84b9ee3d7fdfbc07fc967be4bb42d9e7e6bfd5dd8a92799b6d2fe0d1f7973a8277916a7fbe770e2eda3432765b5010af93ebfccdf0bf5305e0cb49548fb8ce2bdd246a00cfcab6f7ba5b51168673cbfd836e31bbd7cce87cd6700b3669cde5e6e22b8f6a85e09f5f880ac7a7c89598f9307d4e3446f8fff6651a84b1f71af1934377c6728cfbc37d4799433def7ffbd7da27b91ff3ee579178179cfd6f546e05115edcbf9f99bf7936f1fe7e4b9d2b6a17e67c5876a9e25c7f04e90071ff0df22daad7c23687353764f1d3930d4156804dacad5d6a1a20f636e6c32a840464efd86594145b42e7c93fbd11dbf338fcf03153742829ec173c75cebae9b78be9b34fdcbeece999f760fcffe88170e1f0a8de679333feb864df9a6fbf5f88b43454003b2dcdaa334387f35fe12f7db093fef04e9d058a3479db9917c3069b84c9ef66577cfcc93c3a8d77db33e15dcd688f049254f8513a54dc5c8dcadb3475f1746b666ccf8825b32fb1361dee382999f094b5dfcca9fe324dff0a4f11abfae380819d659b6ae114ef31f1ac4e0b37da312d1455e33fac0521c4b7dbe3c3cfba33eaf4e09e2ebf2f197b59f2f4db827e16345039a0f1b15fb6ffc358ff0cf9c79758c0c2ef7c28de770d7ac4f87b53159af9228a5ccb943e897abf8794e578cbfd4bc37cef539df70603f9e031f9ad346dce62e1f7799bb79f2f7dda5e32e0f1fc1649ac0795f3ce01edfe81ae5f3ef1a77d3a4ef873c9839fdf3e1b9912facedc9879467417a0479c2a59706619efc4154b02fe29a6035e4cb42ff6c49fba162be93f6e5e37ee14ef61f283a5e106b5d11c23c0fcec9b3fede983f86fc1e31f59b6efaf42f84c6f2b2391f09cf85e77fc7d4afba9bfd7d5f38f637a101f2222f4ef27e88d378b617654c6528d778e71eff67a01d8597bc45786d9e67cf0f669ef1a4e967b8370e99651e1fc187f7995e4cbe69c88c901ef93c64cab7c3bd2f99f5895037f09e922f93fc7bcb7bc833a64c20d4b23edc949d6f8ffe53a732194170a5a86389f79e06d08fefb82ab88eff79e28f4343c84a977be7f9218cbe37e60feeaf937e10ca4df4fc283b3c3fd69a1de39f1fcb51916e9ee74743e8ffeeb8dabc5ea061c4bb8cb0a6217c9eaf57067a2137c3bf13f7fbfc7ac0d717bcd7b74ff996fbe5f85f8477a1d0a995af81430312b147c397fa73b8af8fe7fb7a99b41ff18d59de09d6d1a5fefe8b2fb75cebc77c63997aa29ef35879ef58af1737e36459a34ea77eb78ecb431e214c99b3a6fef05dfbfaa8bfb8a9d3bf5476bac1ee05c786b282b08da741d93fc79723eb79038d708472fc98387c23e9503ccd37de2ff3f5eac029df0d531b9896c0f32ad4639f0eb10198874ca736dfd737fbf3726cb9b2f1f7feb9be7ce0c25047fec4d74303a67c2f8c8ac7eb49be1d947fcaddaf265c12c413df857241c2f242e717e592faf2269f87d40f94f565beaee55b40fe531e69e02388e9d8ecaa10a65e20dfa9a7bfe3eb11bc5f080cc83761e9ec8f857600ff65493aeacaab7c9dcaf9e9c4265f6b292a784604544314f16ed2ee181ebee19f0d1d31d4937cc389f88fd70411d4c9abf7fb3aaae05a9f7d2dfc4e7b87cee6d3fdf7f937e37f1eca0aeb75932675f083dcab2f53b411f024e49bf4a9e14383e742f25bcbfb8a70a6fc0e9bfa2db725238ec4cab9c7877a3d5ee6b9cfa85383ba85fc8fff1e87dfa88fb9073a3ea967cf0ff5f88f0367784119bfb638d4c5b4a5a8fb79c7a9f727faef16751ce59a3a8f72461d78bbbf0fda9a5ff2ed48da74d4ab569a11949b2b53daa6b48b3ee2af93e74a7dc0355f70c76f439e87b2ed9f29d0b6a17e679d72be0d793b37e8b47ac18025a183866f201d79774cfb6a28abb4b569f3517609e6475df1c78917843a08515c685bca0ba56930373619f516c254aef4ca21ac1879ced3737e64d11b4203fbb6c9e706f1c1c72a6d34854a36cd3d8d652ce8b566c40691f3d89c0f9afb0169d0d8fb866fd4f011a337efe3c386858a29adb10f044399ef2b976f8ff973a840ac6b44f82df182cd3a1efafb8f0a62f0d3c307073721d2b4f603e6c75181f13ce8f12cd7f8a411c3878adebfe15e6cd1e043a45869c7a1c14943e767e37e152a60963fb0d2073a23f62f7cb3990ecb9adc3af9bcb0862c0daf6b275ce89e9c834b61e11e69acf18c9269f291e1bc7c6cf918e42937ac59cb754ff30d32cadb31836784756e936947f0f1266fe89ce1c367a519c1f52ef78d01dc8adf32785a10a8d67e902584f9b8d340e4a34b8362fbfc7798692439e89f3bcfe3a7637f1d3a67ca7d84cb4139e763689d2b8200279f319e0dd0e0f8f9d82bcce3802028d74ffab1fb8798474612f21f217a922ff7b74c3acfad9ff71e73fe6792dd5e50cc9df9b920c25ee70540b21116413ecd999e3e624d7e32b2414391c6148d3cae9bdf08c8f43b2fb092695237700ce50b61815b6e325d0bca25a3e708091a79d48bc9b481eba0716fa501346838ff295e1cd1b0a16ea6dc5bfbf2ceb0fe2ca31b88e7ac06141d428849ea89615ecc5801a92c9807cebb73f1b82bddbb6e9f5032ca514b68d04ff58df2f8b9a3f7fd145f46bbf23e744508031d5b74a2d2f151ae6ee579243bfee8a0456c58fbc3f513ff2f08ddf83111087184320df8e5733e12be79561a7198eab469febb43bdfcd99103421a69df57cafb7b868e0f1d54b8831f58d0b9232209d7b06ede7b4307101d5659df8e3c3cafff83eea4114343e7f0ce05e9cf896fcde679ef0a8d7abef988906a853002e9b583e6b8ef8efe63e838df5ea6930368b7b096349d62a78e1850934e4ba08dc6082dde42837d1ef0cde0195ad71087bca283800e3fbc5cd2eac94834e1c142470d53e5f2b8fcf3cda7239a75b3f9a6c5cb10df556b4decbc30d21f4592a61d80e0b7f68379be5ec52b91f6d777475f17be5b51bdbcc17f5310f5d175c5a1ce38d61fc77784ba39cfb707285374c6e07993d541f5639f2ef5b395c611ff8e20aa11f08cfc320894166b035a17bc397496e389532ec2365e5c74067d67cc75a1c36af782b7996926e15a8927445d9767104a3408e6c626a39e4298463f3d527c1876e57c1993d0583fc70b953497e0724298062b8d84ac0f68048d9895734ff01fef915e800f0e3d815995531c7ac6191db296ef28278447f9fcb9c80b9c72cbdac4a1a2671496003169ee497c84e9b9a441bf2543cc67d1ea3f7634f83f357c486aef7e39214cef310d39e6d7f177fc774b0873dd2c39c279b33a05b2c09dffd649e706d160e50f650957363a48caadab1b87b97e3fb9e33761d4cdfa1dd28430bdbf5c0f1f27967bb18ecdc38829df082eb75d6964bddb376e792fadf42368105d36fe72f3bd63d4834699751cd09b8e2745f2b808de13dcb57ee83fba3456f274ce24a1718a687bbd6ff45aef5d39214c83092f15dedb6df3de51720d961026bf712f63f487f2154f2b2f94674659dfe5c590253eca09614645e91cca124e71b8a77573df1b8464dc6d340ed741439911af35f3de67a6530eea5a3c00e83861b4da3a4fb550fe8873f178628d5dc4c063b33f18bc4cb2447e39ba2a84818e8d9f8fbdb2bd23250dde8b6f8dfe73c9b1d50861ee9706f105637feb5618eee27961bd633a02ffad7fe7063da3aa27f8f70331658dc4e7619a3ff663be2e8f4f51aa048efb8217808cc859e95bf06e22c207f9efcdda8cf26c09e1c2f4a1274227eaa0c96757f46d8843fdf1635f66a9e3d23a19f28078a57c5f3aee976ed3fc7799e72ac7a679ef0a02f7d529ef09a3b778bfd0f6b18e2f07c29cbc46ac476976a710a66cd0e182770cdfe7783d9e268499ce85a8e4fb516dd966e08451d4b4f5bdcb09e11b26fe28b8b4978bd11387ceb677df3ec1fcde0103236f1f32d9b77dcecbd5796341072aa3df7c1bab7d6f451fc2dcd864d44b0853e1bed337f6e845ceeaa5a6d22ad708a6a2f891af54acf98a594298ca66e9ac8fb9b5be2168fd6e41a5f8a03f860f60de1e42a0514625652d39534e08d37b9e355a9d068d2e5c2ead061af94f8f361fa83cbdbbe558ea1b708c7a586e74e58430ee55b82a59bf5b4298de4cdc83e861b78ec90bbda8b8e13ff7b6ce1f2a4401a3733404ad63b3e079edce10b2961026dff8b0735ffbfd7559c755026e803490e2e7a804e66f5de21b5759ef1e0d4a1a334fbbb5b3e0662e2ca301d67130c61f87eb6ef238a0b189bb1b9d108716640bca72f5031fed59d34ff70df97b3b3538cb09615c2acfbde3daf02c93e7b084f0ab06cf0fae91794663b2a08ea191cd1cbb78fa504e08dfebaf39ab2e4903776f2baa32f50473deb9af72222e0f5c1bd32fd23ae7aae1e9befc590d563ae958e68b5115ebb8bcd4420803f3efca79963062499d143fae1a214cfdf5cd31d787bac83aa612e860c01320fecc784719ed9a3ee30b2e4b28947b3f61ccb4af858ebbf8f5e705574daec14a370bbc05e800caf2d8b0843002e3a503ee0cf3ceb3efbb70efd66f11bb7dbd72fed8df964cb7aa049ec1fff87796f252ee1b5e780ef66f40f9a6039539fd7131cc33c7138d8e7ceb3888ee35eb7e9916405b230a8cd89d42987787f773b7518f5b42986f31f37069afc5f74d92e7193f32e743e1dc56bb285b08bf3eb89be39a6cfd9e06d774fe1dbf35eb3c9eeb5b064f0fedadb6455d6bf3719ed9333e175cb6e3e5453420e6c626a31e42988f098270decc53335d5aa90c6870ae99fbbecc116384346e8cf40c27cf95258481df2a69b852f1714c72e4320f08765c5793d7584e08737d9588ee08ae95512de68625cf89abd32d93cf0b1fa8ac0f645e1045f7fb7ba0a24d8e449613c2b8963f3ce723e6ef9610be69f2f7abee898f43fed0a0e1fae2e903739b66ce38bd2a51c331591f484b08e38645d960ae54b98f6b1e56ce3921b8edc5cf51093480086292d590a6dc50bede386466c9b104dae15ed246b5e98062be5c9a9b2c3de874426cf4a220ad6cb21d61f6e4dc0f84ce8ab43c63fb6e7f1dd74cbcb053a3b69c10e6dde0bdb4d2b684f0ef265e14dcb793fb560ae77b68f6c73a8d0c423921cc8872355e12943bbc5ce211bc69e0303f1b4f0d5c3a6b512eb9363a7b78bfe2f7d51508e8488331797dbbfc7327980fa33bd67179a99510a6c17efb94ce6b01c7a14c3345257e5ca54298ef2ba36f749e56f3dd48421ac457889f834e25bc3578ffd2de51de7f822031579691386b1fe0dbce7cddacc07b16cfeab72c7813ed4ea967ca51ae9e4e0a61de07da2d53a631e5e12d99c76ef5efcbaa39c7877293d656e0f847fd33623acd537306ff8cc348ed6f7d3d9af52d3ceadb502df3dfe69fd3fb33a770718dd469978dbfacc4b38bb9dfccb14f2b477446737e3ac2b3ca1be9d38ec38d9e4e9aee14c28c7c323a6b3d2f4b0833624a8c83ac8e0eee939174da74bb33ca1ffb11519e0065745cc4cf9325848163abf12ce29b4c60c6f8b910e2b886333f7c7795ef4b123a1af10679fd207b5a866810cc8d4d463d84300dddabc6ff2c545056e54405c49c0c1ae2b858328798489c8c10113821b93ff0d1ed3ff99c20f0e2e72a278423a87410e559c23c8dfdfe18ce8f70b77e8fa031c03ca6f8f54139211cb17fe15bdc03b33f11e625336f981ecb2d6504210d2be60d12e4267e4e8273d148c912f4e4356eba0866ce591005f6beb0dbe701c150922359594218c8fbb48f4e5c08d3c07bf9a045610eb4e5451089ea6b265c185cb918c5f8c3c49f848016c97d2368e0ff71c20525bd9a94f96b27fc24fc661d13c18790724a4f37f9c3685c9e0f575208736ee6e1116cc43a9e7784b2c3a81d0d00e60c317f8811d7b4e7413a8c1458a38a7961c49691402bfd081a720480891f874b39ae766965eb89b927b86f8ebe3ed52590e74dbea67542d0e062bd5822b432af9c39b5b8dc32577cb7f191e73a68f05087c41bdbe58430650caf01ebb7b810e6f9bd6cd09d6edeccf479643416112c2102be7f7e34be28c7d6bec0f3a6911f2f97504e08c739b8e0985046f130c86ab40379cd5c3822ac46e7a27386a0467486a43d0bca1f1e35041424681bef015346b21a9134ccd9cff2c4a806bc4992df05ea7c82ca316ad9d5d1e75a0961a2bff34e5ac747d051c0948ff871950a61beafbc5f6923f83460f1c4625a10cf9732454c83ac605e7434f39d8ace415d9c3685e3a07ff6d44d8caaf17e12adff7323fafb76841d4090f7933a94290c51fa79600e265e1b59659bb24fbdca340fde27ea88b4764792a41066e496e91ce4ab753ce75a3cf32477e6c89b42e049ee9d3af4a2b1bf0ac1f192fb03f534c1c5088816bfb73cf02d20f85e5a3d8b9b3d1d0c0465e25a684b117090b2441948ee4fdd45d4750262f10de41c1f2d4e414aee0bfb7c7b84b601eef144ea663eede77d79e25db4a68cb52c785b984b4ef97cc180fb4390268260518eb2dc74d778b149671cfb46307584b8225c6339211ceaf194f6475208d3894ffa69c1bba8efc6f96f226d0bbe1fe42b2ec2784f710fd6b3a02ea7bec3732a2e86cb09e108ca1a73eff9e650af962bbbbb7cfdca3bfdb7b14e4d62c1e03e4f5d9e753c9d567868109383763f01d6b2da7c78b01070ac961e3ea297616e6c326a2d84e90d3c6ec8e4d09366351a490b414134d3e7f47fa8fd05a382c2758fe878b658282c93c1c7377ebe724298f351d1d308247a31a1e371a7e3035faec2c175e5b7137e163e2e3428f8e864356ea9c416cdf84cc9f5411e214ccf3bd745a54ba002e6f6d2bbca75d303985559d1bbc9c79073d13388e822826796e81f37ed2be143cbc793c0227446101594861c3df856ded058e603c2fcdd78af7239219cc53cff81c3a59074283bb85faf4f19a5c4cd8df2c1f5f2b105dcbf999b9726682883b8e9c6033f90b704de496bfc03d11529f32c8b432386fce1d9d07b5eee639314c2ccdb6149131a16d671882884252ee14490a4c1cdd23d8cbad2d39fdc3f82c61f8dd0e83c9542d465f2d34a3b22bab6f8713c7fdcafacfd8186041195e3c744101d9d3296368284b0a3438ce51c22cf03c422e58d3cc5f5d4ea24215f39eea5033ba6269413c259d08062549b7478a77837d29600e1dd24300ff3bf59e68ae7c7f533672dcd0d9e7b609e7932c8531e214c5d414306c14d7d8808f9c3849f949d6bf6fb093f0d01f6384f10f703ef0c010cd33a7778a7094a46fd47631431c67bc039ff30e102ff0cedc62dcf82d80e9f1fd1af93d0af14e6488e9d8adb76a920a3517ae3a41f6606c3cb4bad8430f949a46debf808f286398df1c045950ae1170db827744a58cf0d81c277eb63c3868511225622e09dfbe8f0e199df79ca0ed36ca273707da4637dc3f93efc65e28f42bad1f365f48ee912d49b74502421b8104b2346e9e781fbce1ae5a4aea01318ef03822551af139384e50d89385f4e84c48530f7411d4d8780b52fef2bdf703af1e8e089da2d74f6bd64e05d61ae36d7631d4b9be13b86f7471674f020ae761b1d118067ca0fc65c13ca5c14e1976ba28cd26988e0b1441b6d1446fa991ac33174ba329a9adc0f10a8678fb9ae3d2027f52081cf7eed85256d92e433a6d3824e67ea408ee1fbc2378de7c1f558e70044ee89c30a4be345701f51476a39219c056d093a954987f4e82ce57ead724d7e11cc2e8acc1f956ddac8d4e7bcdb96e7226563c59c13dd9b07cf28095e5a4e08e33945a72f2b96d0be24201c6d293a05b23c8fb8ce9f8fbbb23d081def2a311e2867697539f74b79c27bf06d43a78636141d1bb489994f6fe507d0b6a6c385f72be909281a04736393516b21cc5aac04dfb0d2015e707aae9e16ebcd8ae085a6d263de8525181020bf997071c931e584308d4d1a72b819b13f15158d0a5c3ed27ad4810a8fa034acb9c8755189bed837b211a656431ca8a0a8d868b4c7e78c9413c204f262c98b78632782c60c6ea4598d5c2aaaeffa0f16fb5359212c692c5bfb728d4fcc3d3e7cd093aeab94052a48444e5ade201ef920b09e5e745c1e21cc79499365abfaf98a970e06ca011d13d1dc4584f067860f0ce59179612578614f90a2e47acf7cfc59fac05a5f3482e3f92847c7b0ac435660327a6669f826a380f361e48338b418b9d33a16924298c63a4b7f90af9deecbc348061fe8789901ee2b4b70d2c1c31cbaf83195407e137136eb5ef8b0223e116cd1f5d1907adc97736b7fde5b82b8f1ae24cf0708e4ac75cba3b9c59680c205f6062f7ed2ae97e5cdf8c847fbe715c2471616de5bce8d8701a31aac597b7c51cc73df348e18d5b29e1f9d2a04d78937823886f333a26e9d13e81064ae74fc5ecb0961bc18108008d2f8dc6de68b13bc2cad83016e9d7cae6fd04c0ffb5326093043679955d7f29e33f243c714f559fc1a2937b817326f37795c04a38f2cfbd19591044625a9131164d41ff1f4b936e636c6eb826aa99510666d50cabe757c1c440479181d57a910667e20a35cbcffc9b2886b24d7108df8452054f99e59cf1a18658a040390afbc13566721753d4bd85177bcd27f1f499b6745072ca2144faf24d17267f16b4a83b2c6fadc88d2b4863d305a49e753f2bde37a188dc455d73a2e222e84a9df582b1bef2f6b5f442e1e3bccb18dce1507914f7469ebd8dd5ecc12b033fecccbc19264596d06620cf0ad4ed693fc4da72fdfd034d1c6082d6b22b33f239f699dfbd4b304e7637e37cf8e69141cc37979f6c9678c98637d69ea96f835d181cc5240d639809532e84c881f1327af10e6de28b3a37d3ba1508f5f163ce3a2f9e9b48de8dcdc9c321a8c186429b4a4771df03e50c716a60a747e87a8efce1df38750f6a263ca0961ea309652a24d113d47de23a2efb3224056bb96e30820cb310c289d35eac6d4361bef106d44bebdc9d50af89bfcb967e649c15bc53a9e72401b34d9692b1a04736393516b218ca8419c5ae9008139706b7dadaf54a85892e0aa93162809d7e109d3bed2de5308e584302e2d3450e2d74885480f6e5aaf1b8d2e1aa96ff28ddbb838e1bc3448a8f4920db3087a51691050a145c79513c2b83ff1418af64fc2721b59794aaf79347a45943f968f48130b548ab806b1b443f23cc075e31e9626bcf908308a4baf6d744c39214c5e31cf934886f4409387b8f43ec3370ce2f9cbb9e9d9244003237049684c517133ca418f2dbddab860315f065740ebdc4079226266741e46efb2a289f211c21d37da3f091d2b59cf332984f9885226d866dd171f223a6af888725ffc9bfb62e435cddd10709d47a0c5afad52e8e92d1734840625a325bc373472fee21be6691f5d4690e96888374ee320a2e9e8b28e051a30740a5875033002c43b661d4b5455f22c6a54e411c20841dc29c3e8ffd0f1e139d1084fcea57dc5c005a141673dbf8f0d1f1e2225d350883f3f46a718214b131f4c83c05d34de982d2784992bcb9237d1fe71cebbe3da3032631d074cdba043867de9e4a10eb4f603dc1cf138e039c6af2f82b24a671a8d27cb5b8546250d6cc463fc1daf04ea3246d5e9988aa7cd39114908c26ad38e532b21ccbc484677ace323a80ba93fe3df874a85301d429455eabd6459a4f30c0f16ea491ac88cce3172cb94223a71d3842523852c6d179d83eb238fad863ce59974e8a4bb76e285612419ef223a60238fa668e9a0e4bcc93c44df816494f0f8f9777b7149dd672df14279e51da4832a2b30615c08d3e14de782b51f30a279f1d82bcc3a091881a743d33a96f703af8697188134d3205a7f560477441e1d86d6b5001e03d608357947bb8767443ef1cca8a392fb45d00ec095966f26031c7cfb4e1a3ed4bdcfd76d9449f2395e962dba4308e32dc65aeabca7e40b22315e8f73af94954299ee5c26c817d2f8c4b0dbc37d5979faba417352bd24f88e50bf3210145d7739218ce71411a0a3fd2318e1c7bb296bea1611fef10660ff170d5cecfa4ff99e4b9bae423abff5653beec517876f1642d7ea3801dadd0c1c518f58c78b3e8eb9b1c9a8b510c6dd22cd85109873c0c8042e34b8d725e9e77f2382615ae311815a18a1289c2f4b08f301fae2a85b3bf5c45271e34e989c771641cf227374990b193f0e10d5b8fda5b992acf5a2812513e21f877242189715e6e0c4cf1387797d5454d6b140a364e094b3c3be34c671bd4b13a6f4787fd63760d37af7685852e9330fd03a1e10d96f1f3aa5fd98724298fd71f7795918fdea7cce346848217669141de7cfc7d235278f18ec85d6cdee1ba3af0feb23f271a6f1f958a6ebd5e782e088d265f43d6b392df23aada300586f15d772eb58b08265c5a16cd040a5e1ccfb8210a651878024b00aa3fb2ccb40e7c69d195168715b253fac73e485f2cc47d74a3f02714b239a86046583868bb51f30da4b23c93a17dc38e947a99d3440e39a5108ab6e00d2e77aac63815109ca0de72a27846938e0ce47c74b9a70b7a06383e7474f3e1d26dc2feec28c28b13e336b59522eaf1c7f696838a54d6bc02be1cd83a79788b97242987ae92dbeccc4af2702619ad5a865490c1a95eccb734c6bb80375e30fc75cd3e91c11342ca91f59962d6d8a019d5f6f1834abfd795402e93332c3dce464e45fa667e019601d570db512c2880b3afbace323a8ab593f3c7e5ca5423809df43ea2b46eae834a5c3f034ff1e9c35fa46f7edd17f76df2bd69334d4d31acb7ccf98b210a5491d45e33a6b5e711cbe2b88a685333e13cad54fc7fd3a746a5377536ff03ce3d79c05ef229d4b699db17c9f79af188db68e8fa0fecc72318d0b61de0b3c42acfd8074e820b5ea24a04d73e7cc53cc6381cec6e4fad1598c9af6f554b76820b603e5c2ba16a00dd092f18d6339350417537fcab5ff22e8c4a1039451573cb4708f67ad5aea3f3c5bd2bc33ea2d8429d3bc3f94fbb46b602930bcd8687f5a69706fc436c085dfca4fa0cd4a99b4da9bbcd7b44de9488dce594e0833f7d61a7d06da00e4b3751c30d8413b937d6947107c31ad1e66149ba98869f530ef1b7557dabc69d2dd3cff5dee3fbde0b68e177d1c736393516b214c9083ac866e5741a031472afab06609613e98f45e26af918f3c4225adc79946c1ef275e68ba72716e0266a4f5ac57238469f8672dcccec8084b92a435a86194ff88d3fbc9bc11e6aba409751a9544614d73d342a82292ef9e952ec08e2c7c7d98931cb93d9613c2f37de3fc235e6c24cf9506e9d24b89fb270d395c3e71ed29b871dae7c8222984e99d272aa8b52f9c35eaaf61ae6efc9ae2d0b0c33d3aed5ad284306596913482ea105489758e1162e51ae169d44208d36b8e104c1bd903f27dbc17fef4fed368cf5a3609f74a22915ae7829153bf69f6c8d70a3a12a24e9e724218af805f8eff45a76b4c8372c9fb45a715236004efa33eda3bdf0eae538e6a84307104d2f29708cab8ac5ac7415c081304668a1764d67e80d038ddd75bc973c4615499b2905617d2e83ce1f6d1ed416f2a81463aefc98e059d031f91e79443ebb86aa895104610648929d8edc50d0107e3c7552b8469d8d249fae1e123c30822cf13ef8d3417c72c924298b24e671c81efd2bc9fca815701a298f55a796ff27682f26dfac2a8f488f6dc1fa3bdd188581a789f648989b8103e71d898f09db0f6ab058c447e74f8884ed798c63c7f2d69ef552da0e30eaf81ff1eb4284c37abb64ea68df5f8ec0f86d1f4d7fa32ca7b9b7ccef516c27808d1996b1d1b81d8635a48bddaa6bc3f4fcef940e8588ece992584f9d632c52ceedd18e7aba36fcc9cbe1517c2af1d3cc76d9bffced46f10eddc570e9cefcf658fdcf3aef36d272e86753c107b80b252498796e823981b9b8c5a0a615e12e6212094ac746a01a3c58c324422ac9c10b696f1c8238471c144f4268fad8710a6e7badcd2128cf6a4895b608412f74c7a18b32234127486404c691570043dd8693d8c801b5e24a6cb09612296d2639c3c471adc031f361a61d508df2449218c58c86a64844642713e541a2c3792b6569f258479379e7eebe3ee87637e175c83db32f2362fb510c2c0c85e9697030d61e69ed2f0e4bd481b65e1599d327c50a7396211bcb334606bf14cd320804ce4c2554e08d3b9622d3d96c63ff75fea7e3cf62ab76cce876b720fd50861bc1fd2de2546e0f20a613c2cb23abba8af581224798e38883002f5a5bdfb8cdc53f755b3bc117500f33cad114c4654d3e6a05743ad84f0c9bedec81a9107dcbc096c163fae1a21ccf785e8bfd4fb084eebb84a480a61f87ffd96bbe153bee958a6ca3a262fbc6774fca58dd625e15bc8b34fbac447502698af9fe5b503855810e9c12de34298fa9aa90ad67eb580d1c2bc750df5e4d2591fab6b3dc914a5a83c139d9fe9215d391f6dc4bb669eecbf25a56d1fa8b710e6b9a54d178940f4336d202dc05f57e11bb97bfeb1c1eb2d3a67961026505656272c1dad5979160961da15c4a7c86a73e3a149db304bc4d2a996d5e9c5f637f96f55de7758f421cc8d4d463d843002d44aa71610ee9dc66324e41a4108ff7ec285ee9f6eeb08b290840fe36923fa675676b84afde36dcb4203923921691f355c9b88b49c55a171bef9fec3933512f0a1db47b507ebc912c25c07a302792a5004016283753699df9425fc2b21298471ebca12c2a78e18e0d282a2003dab445a4ccb1f4b0833c28cdb152232adbc564aad8430c291329874418dc335e3768cfb5fda88131f6e5cbdd33eb80521fc255f26d2cb5557c185fb85fd0b4b049513c27779211809c372d090a0f3a396cfaf4785b0cf1b82a059fb01d7965cab32095e2c33a69feebf0ff6bb8fab5d34f2641d9f05a30fa3a77dad531d80b8a6ac261bdb5da11642184f0f3aefb2de2160de345174e3c7562a84f110c22387517bbc35b2eae9bc584298f79818024cddc16dd43a2e0fd417789494eb588940087f6bd49f836bbd951e75f7302fd0cb7586e01d42c7b9950674a710c6738251eee4355a504f3e188470fdea49822b456eb97ceb3ee9db4988756bdf3c70adcc31a5ac101f217e3ff516c20b679eda1efb208d20847d9ba55e4298fbdfbfe04d25d3e9ba4f08cfcc6c73d3f1ce379172659d0b18d4c0ed3badcc51c7bcc6b71bd34695451fc6dcd864d4de357a42666583c021da234bb254038d0d2acda8f1d808421881c442fef1f3c461448539b1d6b140e545601b3a0768b01341394d44e212fcdea1635347eda858f9406635cce891e7394782274b085381deea9f77f23c16b81c5f3afe97416c58c1d2222843342871372310161f705c28ad7d21298499eb95d560fdd6e83f0757a1f8b5c5217f10ebd6b19014c2ec8fbb358df8b45176f289f786b93e0444e2be08a296362a02b512c234123eec4554962701656cc68ccf6776b2f0718ef7885b10f93b6d9e22100997f7c17af7f3809b7714b9b39c10269f71bf4f5e6312deabf3c75ee556cc3d21d34b82e74b471d5181797e0470cb72c5eb49211c5ca3a7a54724676d6e96674a9e230ef3e118ed4beb18e13d7df7d0f1a9d330d2a0ee7ce7d0894148271b66d44b04ecb18eab965a08613a0d0ade0ed9e265e68cd33b35da2b11c2d4b9cc4d67042fab338f6f1fdf01ea468273e1e1438338adc16c0961c0ad9d8ed3c25480eff9baed43557504ad9df7deb0fc60327d0bca0b4b31a5bb46bf31bcd77c67ade3238892cd28979506c48530d18e99576bed074ca3c0edddaa73f2c0127f445a4f5e631a781664b9b813c0aa2bf524dfef287812658a3a9372c99add13a79f5955871fdf30e69413c99b7665742ff516c2f3fc732bb74e33ebec12cf21ad3ee6bde05b4ba7bd955fe52092fff593feafa4ddd01d42987d095c5af82edb75cf0a5f0fd0fe49eb3ce4fb46e0c1b48e27d2250600df9da8cd271a08736393516b214c6593b6b40ad043cb5c19027bbcc17fdc2b85c0007137e24610c2b80e6705d260dec96519018d1891b96df2b9615fe647f2114d1ba5613b4b04300737791ea0d7100191d6938e08a2e7909182e8985a08612a63dcaa887a6b3500789634acf978303249746096b7615e1ef388b37ab393427840992030cc77222056fcfae2f0a16754d93a16924298b55b89769ef6a1dae8ef8b46e8e7fd7d2166a2fbe239d148b08e815a0961f2fe85be41f8a0fff06635be709164ae90f51bf7c6fa9591084de366df68c8ca7b1acbbc0bd6bb9f877814d37242988e94720d28de87e7f67f308866eb9da27cb3f4ccef265c14045ae1f98d09cf8fa06e8ca0a73df79e14c204cb6279236b3fa0e17f69c6bc3be211bccee7379d37e48195c6bab9ef0d2324690db03418513a7bcc9fcc741971429859c7554b5784309e2e34f4b9aeac206eb0dbbf3f7ff50de6e4b2759508618efd8217898535c93bef4b071f658ef55ff9f621f008c64779fccdf88bc30872f2184813c2c03b407038de15ea35dc9c7f36ee57a1313e62ca3742c7cf26df88ceeabce47b4920cc3c9d22cce7a47e4f0b96c579980bcd4818759795060d763c38983b69a50171214c6c13bcaaacfd80ef37018cac3a270f2c5754ceb53e0e6d82e4dad971ceb9e30f617a8375ae3cf0fdffdbc47bc97b4ae716f52fcba651862e1b7f5910794438260f0a713aecf73d82d80274c847e99617c26786364efc5ae29415c2fefb4e59b08e8da0be7ae980bb52d7a5a67dc11c59de152bbff2c03b1a0f48d55d4298a0717448a67572d126656a1d9d01c9f300ed690291a6d55fb4af692b47ef8a6830cc8d4d46ad85300d2c821159e900bdd2cca54aeb59e2434990142a537a859310108611ac3c51a3fb8a10660e07cb84c4976c89209ff890a4ad5108f4e4b1bc01fb9337349cd246f7c82be67d5911b18160173f1b7b65ea3c501aa73cdf68ed5fa88510c6dd8f8f50da7217b85dd123cf75738df163e9ddc6cdd53a0e9242b8dcf2490bbce841cc588d2c1a852c17921584252e84797e7cc889ae6bed8bb8221232012f92ae4b1c4703db3a0e6a2584810f384b6e54134c84f785862982df2ac3712e1cfbeb10cccd4a070820c25226d6b140cf351130adba016870466ef8b510c234ca8ff1fba48dcc53ee674cff826f08cd0afbc68fa57144a0b8de288469f0fed43f0b6b3f600a05f37f097214bfbe0884d1d746fd2555fcf0cd402031d7bed251041ab544994fa64907ca65e32e6b5fcfb456e411c2945bbc761010518466c42591eb1150bcdf699e121169cbe4552284a9ffa8bfacfd80778be901856f6447bef33d6259bc346f8cb810a61ea243ebcd8367848eed38bc532ca5867079adffd6b354cd29be0ea2a3807644d67c657e8fdc71b3e05ab3964f02ee838e42cb73877a9bfa94f73b6bd43c2e84a9bb5892c6da0f68b7fc20238a3a750e3114ac3a0988689c5c973e0b3a63d3bec1c0ca06f108c54908f4496782752d400465ae99f64cf219179812ca1cde07cc45a773960e68ea8cbb7d594deb5081f3c65c1b96eb8aae85f6cb9259e96ee74c9721ffe3d71fa71642987781324d87b9f50e5047ef5e70ac7b873f5756670d9de0741224f393f6ea49234aa781749710e659135034eddda66ee3db9ed649cd3b74f5848b429d6f1dcff621be1d429d6f1d2ffa38e6c626a3d64298796317dc91be3e250ded7e93ce0d1f0542dac78fa5c1c507960ae2de999f0a95671cb6e1bac2a867f4916f04218c18a2d14903bf105db3706fb8a51d336466b896acd106d2a6979e6310342c0d45c87c6b5f2a7c5c0e99a7565887b3f00c3827ae5288d17b669e1caec93a9ebcf9a12f0bf17940b510c2cf61a463d4ada9f9ca35b3887c526cf0e1e1039dd568480ae1421095f48f0ca32d578dbf288894e8c3463ed1cb7de2eda3dc1c9f5edafd425c08230c3fe88f399a32bf1b814fa33fde68059ee367470c088d0eeb38a8a510e65de4839ee54a9806a35044d1ce72278f40acf13cac7400f144f9c54d3e792cef14cf9a6900c9ba01eef1ef25e94765a4164298e74f60b8b4351d797ed74ffa71270f0b7ad96988521f58c7414f0a61eeeb23c3471447163b974d441de29f061941b1e2a34734a858de0657e0e47111786f304a6e89e82ca2bad9ea2cc1d59c326a1dd715f20861a6532002e804bb7cfc6561f9a6d153bf16462db3c45604e58435b2f17a499ebf1221cc283c23abd67e708f17db4c0f489e83324350c634b11e17c208243caf58de0577e82434c25f378808c11da35f8807d6a46564ca4a1f9816c1faf1d1316950173ed3bf3fd405591e2a53a77d2978a13cdf7f8b10bfe1b8db1e0d7945c39e6f86755c445c08f3fef20d4d7b963c3fae3f4db0212c59a6caaa9700376604a575ac05622beb1b357bfae9e139c7855704efd0d747dfe0c64f3bd3bc16de23469369fbf1cc58f2cb7acedf1ff3fb92fb257f9fe68fc15324cd6d1de8d4a7ce888e633df52cb773da2f5f1c794b68d7fdbd7fee7c47980e167544d7420803f7fb675fa6d3da524c7be11da1ecc7db6f403dc688fe1ffd3bb260c6673ae5296d26c468bc5dd45d42182f11e6c3a70959de6deaa94ffbb6021d51519dccf3a4dc5306e8d8673feb7846d1bf32eaaf6659130d80b9b1c9a8b510a601c862ff5436d67c3a1a5dfc460f326b97d19b45ef211f244682091b8f88b31a67bb171c1b1ac171d1d008421876fb7b63de17ee94e41fae5a8c9cd39397f5d14168d248a327937351c9d1533c7bfa69ae3565741558828467408f3ef324dfe63f8c0489a2719b356a4085fab6a1534bdc6c6a2184a990a96cd31a3e8c34302f970f333d93049fa2f1414ffbcdfe439e2634212984df347846b8cfacf99e34e469bcd02061c4990e020434a3c5594b2f415c08f37e7dd48b86b4062823e0b859e349c17d910f7450f03c997394f671835a0a61de291acbb855a6b958a5418393f9a479a203d30146994ecb43ce7dfb946f87f7f6e58316858e358279514fe0b24763346d7dcc68bdc4e85cb510c2dc1365206da49c9111d6ba65aa000d38cae57ff872c968216b4f6695cb9e14c23cefff1a746768a0a6d565bcefabe61c1f5c2469cc32af9811912f7ae1c6bb98564e388e9117dc72e375751e780718793b62e41bb125189db78eeb0a79847057207f79c7592bdc3a7f254298a5bb88986ced078fcef9903bef8e6b431d42039932c9340f9e61d63ab73cb3b810a69ea573d1fa0e3332ff8b719785d1423a6ee940e53ca78fecef9ffb499df607d21f30e5bb99a36d4958a736cd9306282393a77f298cca13a4f3ddb74f08c2f83a2f1276cd3fd6bcf6387121cc3b48fd42ec096b5f203fe8dc4174d1618fe8a17e42381103222d7f8317967f5fb2467093bc64c0dde1bb9ef65de5dd636e2a62f8bf07de19ae83761475036b03cf98f105330e0679c29cd1489413fb20ad6ea38df09d317f0a65898e4940e032f79a258bac6300514bd0cbe85ea81b69b759fb02ef1eb12138eee4e183c339f146a03384e36b2584e9ec65394d82cc599e2c7ca337fb6fd98fbc80e59a69ebbda03f6dd37bdd6b7ddb94a92fcc75a74d933c96ef34cf23de19dc5d42984e73de57567e486b3f71bf74aa7f75d40d3e3f2786bafc1d4327fbf6f60d991dd3b405e938a15c253b074483606e6c326a2d8481c6cc4dbeb18b784913006c478c306f89860fae6734d458b83b6d7f2ab0b347ffb1e45c8d228423f850b12e29513ab90e6b9f38f4545f31fed2d0131ebfce1ffa3cc59dcbaab42398ef89c8be7ff6277c03ea83ee40ca3d01d7450706aeab49179b5a08613eb23c9334110e888e1b27fe30b8c47dc57f282ef71f127a67d39e7f44520813f9f0da093fc9e506cc73660e685c90a695e988a46bf4bb7dc324cde51b589a88d1a5affb8fd49747ddec7e3af65761d4394b04432d8570046be366cde14dc2f35d31f784f05ee4fd50d2d943c33fad6c92bff450237cf02e613d53ca1d8dd4b47246f9bc65d279a143213a4f2d84305e1934b069205969000d72465010b174e65c32ee975e909e5eb65cf6a410064660a89b18f9cdaa27781e8800ea30eacc2cb74860fd60465eaa89308a5b265e3fc9340f2c7853f044a96629a672d4530853871340edf491fd520314562284119f7fcc70e1a521ccbb7391af43984b4ce0bf5b279feb56ce3ddedc3f222e84a9b318fd495b239ab2427ef1edc67be363c38685e58e70114feb1ce1dbc1fef1fb2e07df6e3a54ca095aca27a28f7a2bdef154ae9e8e0b61a093ee7c5fdff00d4a3b27bf2178197166e4f3fcb1bf0d1d13ab32f217f1449d5069a7d0b9bede63843ded5ab83f9687ba61d28f4290abeffb6f3eed9615734f4c6d9fb09d0ebaa86d43a756dabaf0a47fe7cc4f87ef1151a53fee9f33f7fc98af032cc1c575923f7428c43bca9946c5f736b97f16746e44aeb8b512c2f00c5f9fe381b533a53315f8564ff36d53da55e429efd29029dff1df63bb73856dd48f9ff079146f8775971006f29b6923699d5711bce77418d3e6a34e482b27c07bce3e3ff1ef44fcda4483616e6c32ea21846910339789865e966b1350d94658bf47f0c2729dc979368d26842b85f9351f1b36bce41ae1b9b73de8fa79518350b68eab141abfb3669ce63f4e0ff8867ba94b7bad8265b1640a1d00591539e42d331149210ce4197373adfdcb7168c131a90d3e880b61c0bd1d97c572d75bb8a7d7e7bfaf3a08611ace594b8e24d9ed1b07348093e964411922fafb6e7fac95669ce83967e5097946431857e467c684522d8430229591b595733e90291621cfb5c6e969210c8cd00d9cf2dd9a2d2b42e71a817e5e5765402b02c6d1e1994cf7fe599f30ebf25a504f214c4392f5631939b5ce0d950861bc23109dd67e710ae5307f5d1217c2407d7cc5f84b52e7c643c739ca9f67c18c53bd68ce5eeb35c93f785141d9b44636f370d0d7d3080eeb37480ae1e025e1db2d08dd2c8100857b2f60fd1e67e4d4affbba287fc4e808465fff3ce9c7b9ee3fcff5507fd121f1d62153dba78f30d7fdc6493f30f78f28a45bfe392382092a986ca3315afd7d9fd7d63169d44b08031e77b409b2ee05a2fc2cb71fcf67caf42f974c1580ee14c294dde7f9ba812976e53a2af342704c629424a7fd8806c3dcd864d4430813c80a2178c2eda3c322eb7c64ad74f3c2880b828f396dc979c58d20841f9f7ba2bb6f76e5421937e56f7ae1122d831007b14ac0909bbd082d37b2580ee6114ef615ec5b864c6b9fb713a7164218682c92ef958c4802cf8b6bb47e034b0813c407d7709618b18ec982c659d65cb8a410c65dea3ba3af0b22c1da3f0dca58da5c6da887107ec39059a137dc3a9f052321e4a395561a942146b67ee51bda5923e579a091424f3df5130dc7f8a84b2d8430f02ee37d4054512b9d3470bdcf6ac4f606214c7e51a72106ab09941687f790807604d689474fcd0b23d4440db7ea5622d7e2166c1dd755ea218429d763a77ec5bd73c8c4705ff1679ca412214c59a4ccde37eb53999d71167c27d3a6cb248530df70dc73f9eea6d5ed79a193e5f271bf089db351fa79a06c327587a907e5c4481cdc401f9bf3a1f0cd6284ccda07924218108888434642b3eadebc30cf99b806c9d81679a09ea4cce322deba20dd532a0f8858f2e25ba3af2f89b1c27bcad40f3a9aace3f212a5ffa161233b793e701fb81ab36e39fb59c727a9a710a6f3efb3230784ef6725e5ca82ba8ae59b8e1b32b5e4db03dd2984817c7ed390e9ee8e696775590ceff6df54da39d43bc9810fd160981b9b8c7a08e108041a8be8e356424fa49576391071c3a67c2bacd36845bd6b0421cc9a80b88667cde14ac248c379fe43fee2817777aa80230a1ff59921b80573c7ac74ca81d8a68144708db4f95db512c204e421efc64cfd6aee8629cb76d0f89f30ed4cf377b08430202870bd65ce94755c12ee65c4d46fba93860f7113a7a72f6b9414c29405461a68cce71da1c71d9b46287362addfa11e4218d72e5ced76e718ad0522e1d241924ca71c944d22c312e1968ea0bc0da438789b90d7d44d2f1ab8b8e49d835a0961de2fca0a2ebb6941b392b06c0b6b09f3fcd2eead370861089d6683e606f74dbc01aa691ce20e8dcb25f3e9ad40677960fe31df8a64dad4e3df18f5978a969fa9845a09e1480cdceebf57678efa6b58df13d7fab4fa39a212210c0819be6bb838f2adb28e49c23cbf71d3be92daf19714c240a03f622330a289a78e755c391851665a0379514d831a57f850df7a319ce75e690b509f7fd17f9388029d1634122c21ccb3a24dc47bc2f24b95767e4570ad0878e26e4482ae1af8e6329f976f7896fb75168cd432779bbae5f9c1a3abb43cd251cbfc5cbc96ace3cb419e336d054f85b44e1fbc6a087447277739cf1aa8a71006463909f8875bfbee9cdfba24dc0b73bf8953c27b9e3c47770b61a0bc10f1fbf7132ef4e525bdec67c1d40aae0d4fb66a3a70441fc3dcd864d4530803bd83ccfb22a4fe707f1e5ece723dd9f4e8b224101f3fe6ec5011a6b996358210667e210d487a666908b2aeac95476ca34361e4946f8465380820648dd0c6c15d87ebe1234443879e5f7a0bb38407f746e005e6967d6df40da1119374fb89532b210c3444dee71b5fccc14228a4f5ca730f2c99c40812f39c08c064ed07694298bc238a2bcbc03092c5bc21eb23cd35901fcc732288d9cb072ecc14a849210ce41f230d7c6098f796364a8fb8234809a3a5a78de81fe6d559fb413d843010fd94798dd639e330da49c780e591900796c122800c6b1c92b7886a3a0aca8962620f2cf67948545b82e39086d5f8aa951006ca2541469837c675a68d64b39d39772c71f3b991fd4383a5b70b61e0fea82728734446e51ecbb964524f10ddf9b6c9e78428f478a0c4d778af141a7ff71bf524cbcb110ca95c5d572d9508619ee541ff3d645e3fdf28be21cce7676efda5e37e1902ea20e8e3c182ca51a910a6bcd029cc7c741ae288b5b465ac88f88a9045e87c6fcc1f52a73d584218f87e33e7f3e763af0c01bfd2d6618dc3f798fa928ebfb3fc33c5fb83764632edbc205a3ee4c50641b048f78811488dfbdf38ff5da15e263f0bd32f2ecb140396108ee0fb8d10608d7ac4121dc93c772b9d88c3febeb7ceffdf10a88aef126596e07956fa95c0a82d1da9dc17658179c1e5bee1b063c1dbc3883401be08d4868bb2953eef3e62987dfe403decdb3769f361e3f0cee0f2ce524f7456bcb07f47a4e824bcbbb8f5534f30624987625afaccf3a61e8c96daaa871006443b813ff168a2dc102f252b8026706d0c0eb0ae32f3b2df3e74726a34e59e10c24079215606f503b17af8965357a77570f21c68e3f03da27cd19e6219c264c7b26850cc8d4d0615d469236f0b73f6d2f8f9b82bc3c7d03a3e0f54b47c98de3d747ce835a4914fe3890f34236b4045c4b63ff98f318d48168ca7a78d4888590d201a9b97f88f8e75dd344ce2e1ff236848f07126ba66da71cc37b446a0d9867b51da39e930e0c31deffd2e2f84cf099127e9fda6d23f77ccb521d80c230b8c74b2e03c0d1ee60bfdd057dacc7161d4857c8d5f5b163468a81cf998fe6cecafdc5f26fd28a4cf28012e649c87c88eb7f88a93fb38cb57a244f57eb6ff5858e9c5e123441949e6059097278f18621e970623115c2b519a194da05c104c8aeb64b4988e035c55716f625e31d13be9f0b0ce0f7c5488fe689d8b3cfce7db9686910f2268922fe403bdf9e40d8d2044391f154630f93820fc7077b3ce050439a17c59e7e3e3c5b1082a9641a1dc4ff2e59f08a183279f1dee97805994071a27b8995ae70022acbf7a704770a85a41a39b068b75ce38ac65f9a9115d9fb7492701f9850863891aca3e7393686cf0ccc7fbe74007110d6b8420e7250fb9ceac06360299676f5d3b708f698d430bca25cf854e25eaa8e8f911f19479b103bda0623bef18f7831862dd73ebdc40245fce1f7f8fe934243898b53f502f31ba12bfae08ae8d726a1d07bc2f749e59c74644f504df0482c4d030c2238777817970513dc16819c15958a6e5d821d32aae8f9250f7f19e5911c1e9e4b2eaf15a41670ae5cecab324d4673f1ff7abd0c8e53971ffd43d885fa2cb56338282fb2bdf14eb7cc0f25d2ff022227e0c794d3df4dedbc7876f0e9d42acf5c973e27bcaf782f7058f8bf70e1d17be493c573ab9ac73e00d80d755fc1c117c2f5f3ce09e105701d1c01233788d107488f8007c9fa89ff198a0bcf00e500eb92fa6a05869560a236e44eee57dbe6afccf42fdc0f2409c9bce3822ec73afd4e374c6903ffc9bebb5ee17f8d696f35ee05d43ecd0218c70a12c32703061fa99a16e8aee9b3a8bfb465c7f7cf8f020b093ebdd7715ee8be5b3e86ca1638267107dc3991bcab3e099b0fd2aff2ef13da36c13ac2aab233b0201c5378e7a98779f5145de73061ba883f94e51aee820a7d384778625795eeebf69e5d68f079e09f5cbf1c3c6843a9c32cbf795eb9e34edcba12ea52d443d709ccf73e688731c652fab1eff9aff0e56528fc7a19d86e0262afe777d7dfc2bfffd25b60ad7c27bc43d476d53ee99677cf6983ff9eff2984e75771206372ece68179de0f3c13a0e687bf17db08e0546b3cbcddd7d966fbbb1420683269c8f5530787ed4e1d17795ba9d7a82f244b9a27c6999a426c3dc28ea0a1fd567fa8f2395331f182a452a04968ba112a65731cd05b7af92570847fb53b932f2cc6811bdca88211a5a2ff28dd8ac8a372f742cd02066d924465fe970e03c34c2f9a83dfdd6c76b729eaec27552d9532e188de33ae990a14147255feb6b0c0d3e9f2fb816b10c0f0d48c416eb545afb77051a583c73cafd09c34687b9706f1834abe85a569f91afbec0d36e5d1182ad30524be384674e196574e62503ee0a1d513ddd534db9c44305b1cbf363b48a460f23a2cff1cfb537bc3bb5807ce659e0face7250dc67a19e98123aa06a594fe32d4183385937e20573e6c89bda47874467780e3ca7637ca397e7c4f794ef054bfc5433573b0bca3ee291ef13cf8c4e59be4f884aea65aea39e0d69ea46ea481af8085dcecd778b7abb9eed06de69a68dd09149e0ab0f0cbbc39de8ebede8beffcddf37ed1aebd87a80b0e59e114cd48f5ccb7bfcb3e799f06cf83e660d20940361cbb797fbe51ce435df29ca15df2d4677bbe236cbb34248e2a9c5724f4ca1a32ea5c3eb9f7cddda956bef0affcf976deaf578db947fb38dce28eeb9afd5ef21668f7f9e2f1b7867787eeff7ef0cdf559e2973b75feabfab3d95dfa217606e14a2c6542a848510a2996074fe81d9a5017b98a6c01c533c4ed450134208216a8cb951881a23212c8410368c3ce39e978c16cfbcb5c153be135cdcade384104208d105cc8d42d41809612184b079d9c0bb4240bb64bd48503402b7e4895320841042880a31370a516324848510c286c04a44868ed789b845af9efbbe30dff16f7304e2114208214485981b85a83112c242086143045996e6b96fd6a7da993ff3b3618990ae2cc724841042880ccc8d42d41896a5183bf52cc79a9316bf9df0f310d1cf3a5608211a19a2d713c5942541223e386c74587ea79923a80b21841075c5dc28448d6149a253460c72df1c7dbd0961ecad358b85104208218410a2e6981b85104208218410428846c5dc288410420821841042342ae6462184104208218410a25131370a21841042082184108d8ab95108218410420821846854cc8d420821841042082144a3626e1442082184104208211a1573a31042082184104208d1a8981b85104208218410428846c5dc288410420821841042342ae6462184104208218410a25131370a21841042082184108d8ab95108218410420821846854cc8d420821841042082144a3626e1442082184104208211a1573a31042082184104208d1a8981b85104208218410428846c5dc288410420821841042342ae6462184104208218410a25131370a21841042082184108d8ab95108218410420821846854cc8d420821841042082144a3626e1442082184104208211a1573a31042082184104208d1a8981b85104208218410428846c5dc288410420821841042342ae6462184104208218410a25131370a21841042082184108d8ab95108218410420821846854cc8d420821841042082144a3626e1442082184104208211a9227ddff077498ae2d6fb6bd210000000049454e44ae426082, 2, 1, '', '2024-03-26 15:43:03', 'Miguel John Quispe Pozo', '2024-03-26 15:49:10');

--
-- Disparadores `ficha`
--
DROP TRIGGER IF EXISTS `after_ficha_delete`;
DELIMITER $$
CREATE TRIGGER `after_ficha_delete` AFTER DELETE ON `ficha` FOR EACH ROW BEGIN
    DELETE FROM HISTORIAL_FICHA WHERE ID_ficha = OLD.ID_ficha;
END
$$
DELIMITER ;
DROP TRIGGER IF EXISTS `after_ficha_insert`;
DELIMITER $$
CREATE TRIGGER `after_ficha_insert` AFTER INSERT ON `ficha` FOR EACH ROW BEGIN
    INSERT INTO HISTORIAL_FICHA (ID_ficha, ID_sede, ID_torre, Salon, ID_almacen, ID_equipo, Descripcion, ID_marca, ID_modelo, Numero_serie, Codigo_isil, ID_usuario, ID_operatividad, Observaciones, Fecha_registro, Tipo_movimiento)
    VALUES (NEW.ID_ficha, NEW.ID_sede, NEW.ID_torre, NEW.Salon, NEW.ID_almacen, NEW.ID_equipo, NEW.Descripcion, NEW.ID_marca, NEW.ID_modelo, NEW.Numero_serie, NEW.Codigo_isil, NEW.ID_usuario, NEW.ID_operatividad, NEW.Observaciones, NOW(), 'Inserción');
END
$$
DELIMITER ;
DROP TRIGGER IF EXISTS `after_ficha_update`;
DELIMITER $$
CREATE TRIGGER `after_ficha_update` AFTER UPDATE ON `ficha` FOR EACH ROW BEGIN
    INSERT INTO HISTORIAL_FICHA (ID_ficha, ID_sede, ID_torre, Salon, ID_almacen, ID_equipo, Descripcion, ID_marca, ID_modelo, Numero_serie, Codigo_isil, ID_usuario, ID_usuario_modificador, ID_operatividad, Observaciones, Fecha_registro, Tipo_movimiento)
    VALUES (NEW.ID_ficha, NEW.ID_sede, NEW.ID_torre, NEW.Salon, NEW.ID_almacen, NEW.ID_equipo, NEW.Descripcion, NEW.ID_marca, NEW.ID_modelo, NEW.Numero_serie, NEW.Codigo_isil, NEW.ID_usuario, NEW. ID_usuario_modificador, NEW.ID_operatividad, NEW.Observaciones, NOW(), 'Edición');
END
$$
DELIMITER ;

-- --------------------------------------------------------

--
-- Estructura de tabla para la tabla `historial_ficha`
--

DROP TABLE IF EXISTS `historial_ficha`;
CREATE TABLE IF NOT EXISTS `historial_ficha` (
  `ID_historial` int(11) NOT NULL AUTO_INCREMENT,
  `ID_ficha` int(11) DEFAULT NULL,
  `ID_sede` int(11) NOT NULL,
  `ID_torre` int(11) NOT NULL,
  `Salon` varchar(30) DEFAULT NULL,
  `ID_almacen` int(11) NOT NULL,
  `ID_equipo` int(11) NOT NULL,
  `Descripcion` varchar(50) DEFAULT NULL,
  `ID_marca` int(11) NOT NULL,
  `ID_modelo` int(11) NOT NULL,
  `Numero_serie` varchar(30) DEFAULT NULL,
  `Codigo_isil` varchar(30) DEFAULT NULL,
  `ID_usuario` int(11) NOT NULL,
  `ID_usuario_modificador` varchar(90) DEFAULT NULL,
  `ID_operatividad` int(11) NOT NULL,
  `Observaciones` varchar(50) DEFAULT NULL,
  `Fecha_registro` datetime DEFAULT NULL,
  `Tipo_movimiento` varchar(20) DEFAULT NULL,
  PRIMARY KEY (`ID_historial`),
  KEY `ID_ficha` (`ID_ficha`)
) ENGINE=InnoDB AUTO_INCREMENT=6 DEFAULT CHARSET=utf8mb4;

--
-- Volcado de datos para la tabla `historial_ficha`
--

INSERT INTO `historial_ficha` (`ID_historial`, `ID_ficha`, `ID_sede`, `ID_torre`, `Salon`, `ID_almacen`, `ID_equipo`, `Descripcion`, `ID_marca`, `ID_modelo`, `Numero_serie`, `Codigo_isil`, `ID_usuario`, `ID_usuario_modificador`, `ID_operatividad`, `Observaciones`, `Fecha_registro`, `Tipo_movimiento`) VALUES
(1, 13, 2, 2, '117', 1, 16, 'weq', 1, 84, '2312312312312', '121212', 2, 'Gonzalo Ronald García Saravia', 2, 'iuo', '2024-03-26 15:42:19', 'Edición'),
(2, 15, 2, 2, '132', 1, 127, '', 34, 5, '123', '2131', 2, NULL, 1, '', '2024-03-26 15:43:03', 'Inserción'),
(3, 15, 2, 2, '132', 1, 16, '', 34, 5, '123', '2131', 2, 'Miguel John Quispe Pozo', 1, '', '2024-03-26 15:43:25', 'Edición'),
(4, 14, 1, 4, '117', 2, 7, '', 5, 26, '2312312312312', '2321', 2, 'Miguel John Quispe Pozo', 1, '', '2024-03-26 15:48:39', 'Edición'),
(5, 15, 2, 2, '132', 1, 20, '', 34, 5, '123', '2131', 2, 'Miguel John Quispe Pozo', 1, '', '2024-03-26 15:49:10', 'Edición');

-- --------------------------------------------------------

--
-- Estructura de tabla para la tabla `marca`
--

DROP TABLE IF EXISTS `marca`;
CREATE TABLE IF NOT EXISTS `marca` (
  `ID_marca` int(11) NOT NULL AUTO_INCREMENT,
  `Nombre_marca` varchar(30) DEFAULT NULL,
  PRIMARY KEY (`ID_marca`)
) ENGINE=InnoDB AUTO_INCREMENT=48 DEFAULT CHARSET=utf8mb4;

--
-- Volcado de datos para la tabla `marca`
--

INSERT INTO `marca` (`ID_marca`, `Nombre_marca`) VALUES
(1, 'CANON'),
(2, 'POLARIS'),
(3, 'BOWENS'),
(4, 'PIXEL'),
(5, 'SONY'),
(6, 'SHURE'),
(7, 'SENNHEISER'),
(8, 'RODE'),
(9, 'AURAY'),
(10, 'K-TEK'),
(11, 'SANDISK'),
(12, 'ARRI'),
(13, 'LOWEL DP'),
(14, 'MANFROTTO'),
(15, 'RED WING'),
(16, 'IMPACT'),
(17, 'FOTOBE/STWAY'),
(18, 'PLOMAS'),
(19, 'SOLERA'),
(20, 'CUPPER'),
(21, 'PATRIOT'),
(22, 'UGREEN'),
(23, 'ZEISS'),
(24, 'KOPUL'),
(25, 'GOSSEN'),
(26, 'DELKIN DEVICES'),
(27, 'KINGSTON'),
(28, 'GODOX'),
(29, 'NEUTRIK'),
(30, 'WINDTECH'),
(31, 'LEXAR MULTIUSE'),
(32, 'LEXAR PLATINUM2'),
(33, 'LEXAR'),
(34, 'SAVAGE'),
(35, 'SACHTLER'),
(36, 'GENERICO'),
(37, 'PHILIPS'),
(38, 'OSRAM'),
(39, 'SHOWBIZ'),
(40, 'CASSELL'),
(41, 'ROSCO'),
(42, 'NEEWER'),
(43, 'ASUS'),
(44, 'CREATIVE'),
(45, 'MSEGRIP'),
(46, 'Apple'),
(47, 'Logitech');

-- --------------------------------------------------------

--
-- Estructura de tabla para la tabla `modelo`
--

DROP TABLE IF EXISTS `modelo`;
CREATE TABLE IF NOT EXISTS `modelo` (
  `ID_modelo` int(11) NOT NULL AUTO_INCREMENT,
  `ID_marca` int(11) DEFAULT NULL,
  `Nombre_modelo` varchar(50) DEFAULT NULL,
  PRIMARY KEY (`ID_modelo`)
) ENGINE=InnoDB AUTO_INCREMENT=89 DEFAULT CHARSET=utf8mb4;

--
-- Volcado de datos para la tabla `modelo`
--

INSERT INTO `modelo` (`ID_modelo`, `ID_marca`, `Nombre_modelo`) VALUES
(1, 1, 'EOS - REBEL T5'),
(2, 1, 'EOS - 6D (MARK II)'),
(3, 1, 'LP-E10'),
(4, 1, 'LC-E10'),
(5, 1, 'EF 100 MM F/1.2.8 USM'),
(6, 1, 'EF 28 MM F/1,8 USM'),
(7, 1, 'EF 70-200 MM F/2.8L USM'),
(8, 1, '580EXII'),
(9, 1, 'EFS 18-55 MM'),
(10, 1, 'EF 50 MM F/1.8 STM'),
(11, 1, 'EF 70-200 MM F/2.8L IS III USM'),
(12, 1, 'EF 100 MM F/2.8L MACRO IS USM'),
(13, 1, 'EOS - REBEL T5i'),
(14, 1, 'EOS - REBEL T6'),
(15, 2, 'FLASH METER'),
(16, 3, 'PULSAR - BW5170'),
(17, 3, 'GEMINI GM1000PRO'),
(18, 3, 'GEMINI GM500PRO'),
(19, 3, 'GEMINI GM500R'),
(20, 3, 'GEMINI GM500C'),
(21, 3, 'BW6615'),
(22, 3, 'BW6610'),
(23, 4, 'SOLDIER'),
(24, 5, 'NXCAM - HXR-NX5N'),
(25, 5, 'NXCAM - HXR-NX3'),
(26, 5, 'AC-VQ1051D'),
(27, 5, 'AC - VL1'),
(28, 5, 'NP-F970'),
(29, 5, 'NP-F570'),
(30, 5, 'MRW-EA7'),
(31, 5, 'MDR - 7502'),
(32, 5, 'MDR - 7506'),
(33, 5, 'VCT-R640'),
(34, 6, 'PG58'),
(35, 7, 'SK100 G3'),
(36, 7, 'EK100 G3'),
(37, 7, 'ME 66'),
(38, 7, 'HD 206'),
(39, 7, 'EK 100 G4'),
(40, 7, 'MKE600'),
(41, 9, 'DUSM-1'),
(42, 10, 'Avalon KE-89CC'),
(43, 12, 'ARRI - 650-300-150 W'),
(44, 12, 'ARRI - 300W -150 W'),
(45, 12, 'ARRI - 650 W'),
(46, 13, 'LOWEL DP 1000 w'),
(47, 14, '546B'),
(48, 14, '272B'),
(49, 14, '1052BAC'),
(50, 14, '496RC2'),
(51, 14, '165mv'),
(52, 14, 'MK-190X3-2W'),
(53, 15, 'RED WING'),
(54, 16, 'IMPACT'),
(55, 17, 'FOTOBE/STWAY'),
(56, 18, 'PLOMAS'),
(57, 19, 'SOLERA'),
(58, 20, 'CUPPER'),
(59, 29, 'JDD F27'),
(60, 29, 'RFT-10'),
(61, 30, 'NC-MXX'),
(62, 30, 'NC-MX'),
(63, 31, 'SG-1'),
(65, 26, 'SIXTOMAT F2'),
(66, 23, 'CLEANING TISSUE'),
(67, 27, 'SD DE 16GB'),
(71, 34, 'SD DE 4GB'),
(72, 34, 'SD DE 8GB'),
(75, 21, 'SD DE 64GB'),
(76, 22, '30333 USB 3.0'),
(77, 44, 'I-TRIGUE 3400'),
(78, 35, '56-12 FASHION GRAY'),
(79, 35, '46-12 TECH GREEN'),
(80, 39, 'SHOWBIZ'),
(81, 40, 'CASSELL'),
(82, 37, 'PHILIPS'),
(83, 38, 'OSRAM'),
(84, 41, 'ROSCO'),
(85, 35, '56-12 FASHION GRAY'),
(86, 35, '46-12 TECH GREEN'),
(87, 32, 'SERIES 3000 1.5 MTS');

-- --------------------------------------------------------

--
-- Estructura de tabla para la tabla `operatividad`
--

DROP TABLE IF EXISTS `operatividad`;
CREATE TABLE IF NOT EXISTS `operatividad` (
  `ID_operatividad` int(11) NOT NULL AUTO_INCREMENT,
  `Tipo_operatividad` varchar(30) DEFAULT NULL,
  PRIMARY KEY (`ID_operatividad`)
) ENGINE=InnoDB AUTO_INCREMENT=4 DEFAULT CHARSET=utf8mb4;

--
-- Volcado de datos para la tabla `operatividad`
--

INSERT INTO `operatividad` (`ID_operatividad`, `Tipo_operatividad`) VALUES
(1, 'Operativo'),
(2, 'Inoperativo'),
(3, 'En revisión');

-- --------------------------------------------------------

--
-- Estructura de tabla para la tabla `roles`
--

DROP TABLE IF EXISTS `roles`;
CREATE TABLE IF NOT EXISTS `roles` (
  `ID_roles` int(11) NOT NULL AUTO_INCREMENT,
  `Nombre_Rol` varchar(30) DEFAULT NULL,
  PRIMARY KEY (`ID_roles`)
) ENGINE=InnoDB AUTO_INCREMENT=4 DEFAULT CHARSET=utf8mb4;

--
-- Volcado de datos para la tabla `roles`
--

INSERT INTO `roles` (`ID_roles`, `Nombre_Rol`) VALUES
(1, 'Administrador'),
(2, 'Editor'),
(3, 'especial');

-- --------------------------------------------------------

--
-- Estructura de tabla para la tabla `sede`
--

DROP TABLE IF EXISTS `sede`;
CREATE TABLE IF NOT EXISTS `sede` (
  `ID_sede` int(11) NOT NULL AUTO_INCREMENT,
  `Nombre_sede` varchar(30) DEFAULT NULL,
  PRIMARY KEY (`ID_sede`)
) ENGINE=InnoDB AUTO_INCREMENT=4 DEFAULT CHARSET=utf8mb4;

--
-- Volcado de datos para la tabla `sede`
--

INSERT INTO `sede` (`ID_sede`, `Nombre_sede`) VALUES
(1, 'La Molina'),
(2, 'San Isidro'),
(3, 'Miraflores');

-- --------------------------------------------------------

--
-- Estructura de tabla para la tabla `torre`
--

DROP TABLE IF EXISTS `torre`;
CREATE TABLE IF NOT EXISTS `torre` (
  `ID_torre` int(11) NOT NULL AUTO_INCREMENT,
  `Nombre_torre` varchar(10) DEFAULT NULL,
  PRIMARY KEY (`ID_torre`)
) ENGINE=InnoDB AUTO_INCREMENT=6 DEFAULT CHARSET=utf8mb4;

--
-- Volcado de datos para la tabla `torre`
--

INSERT INTO `torre` (`ID_torre`, `Nombre_torre`) VALUES
(1, 'A'),
(2, 'B'),
(3, 'C'),
(4, 'D'),
(5, 'E');

-- --------------------------------------------------------

--
-- Estructura de tabla para la tabla `usuario`
--

DROP TABLE IF EXISTS `usuario`;
CREATE TABLE IF NOT EXISTS `usuario` (
  `ID_usuario` int(11) NOT NULL AUTO_INCREMENT,
  `ID_roles` int(11) NOT NULL,
  `Nombre` varchar(50) DEFAULT NULL,
  `Apellidos` varchar(50) NOT NULL,
  `Correo` varchar(50) DEFAULT NULL,
  `Numero` int(11) DEFAULT NULL,
  `Usuario` varchar(30) DEFAULT NULL,
  `contrasena` varchar(30) DEFAULT NULL,
  PRIMARY KEY (`ID_usuario`),
  KEY `ID_roles` (`ID_roles`)
) ENGINE=InnoDB AUTO_INCREMENT=4 DEFAULT CHARSET=utf8mb4;

--
-- Volcado de datos para la tabla `usuario`
--

INSERT INTO `usuario` (`ID_usuario`, `ID_roles`, `Nombre`, `Apellidos`, `Correo`, `Numero`, `Usuario`, `contrasena`) VALUES
(1, 1, 'Miguel John', 'Quispe Pozo', 'correo1@gmail.com', 906838713, 'mquispe', '12345'),
(2, 1, 'Gonzalo Ronald', 'García Saravia', 'correo2@gmail.com', 913593235, 'ggarcias', 'elpollo'),
(3, 2, 'Isaac Jedidias', 'Olivera Colonio ', 'correo3@gmail.com', 969703281, 'iolivera', '12345');

--
-- Restricciones para tablas volcadas
--

--
-- Filtros para la tabla `ficha`
--
ALTER TABLE `ficha`
  ADD CONSTRAINT `ficha_ibfk_1` FOREIGN KEY (`ID_sede`) REFERENCES `sede` (`ID_sede`),
  ADD CONSTRAINT `ficha_ibfk_2` FOREIGN KEY (`ID_torre`) REFERENCES `torre` (`ID_torre`),
  ADD CONSTRAINT `ficha_ibfk_3` FOREIGN KEY (`ID_almacen`) REFERENCES `almacen` (`ID_Almacen`),
  ADD CONSTRAINT `ficha_ibfk_4` FOREIGN KEY (`ID_equipo`) REFERENCES `equipo` (`ID_equipo`),
  ADD CONSTRAINT `ficha_ibfk_5` FOREIGN KEY (`ID_marca`) REFERENCES `marca` (`ID_marca`),
  ADD CONSTRAINT `ficha_ibfk_6` FOREIGN KEY (`ID_modelo`) REFERENCES `modelo` (`ID_modelo`),
  ADD CONSTRAINT `ficha_ibfk_7` FOREIGN KEY (`ID_operatividad`) REFERENCES `operatividad` (`ID_operatividad`),
  ADD CONSTRAINT `ficha_ibfk_8` FOREIGN KEY (`ID_usuario`) REFERENCES `usuario` (`ID_usuario`);

--
-- Filtros para la tabla `historial_ficha`
--
ALTER TABLE `historial_ficha`
  ADD CONSTRAINT `historial_ficha_ibfk_1` FOREIGN KEY (`ID_ficha`) REFERENCES `ficha` (`ID_ficha`) ON DELETE CASCADE;

--
-- Filtros para la tabla `usuario`
--
ALTER TABLE `usuario`
  ADD CONSTRAINT `usuario_ibfk_1` FOREIGN KEY (`ID_roles`) REFERENCES `roles` (`ID_roles`);
COMMIT;

/*!40101 SET CHARACTER_SET_CLIENT=@OLD_CHARACTER_SET_CLIENT */;
/*!40101 SET CHARACTER_SET_RESULTS=@OLD_CHARACTER_SET_RESULTS */;
/*!40101 SET COLLATION_CONNECTION=@OLD_COLLATION_CONNECTION */;
