-- phpMyAdmin SQL Dump
-- version 5.2.1
-- https://www.phpmyadmin.net/
--
-- Servidor: 127.0.0.1
-- Tiempo de generación: 15-03-2024 a las 18:53:49
-- Versión del servidor: 10.4.32-MariaDB
-- Versión de PHP: 8.2.12

SET SQL_MODE = "NO_AUTO_VALUE_ON_ZERO";
START TRANSACTION;
SET time_zone = "+00:00";


/*!40101 SET @OLD_CHARACTER_SET_CLIENT=@@CHARACTER_SET_CLIENT */;
/*!40101 SET @OLD_CHARACTER_SET_RESULTS=@@CHARACTER_SET_RESULTS */;
/*!40101 SET @OLD_COLLATION_CONNECTION=@@COLLATION_CONNECTION */;
/*!40101 SET NAMES utf8mb4 */;

--
-- Base de datos: `n_inventario`
--

-- --------------------------------------------------------

--
-- Estructura de tabla para la tabla `almacen`
--

CREATE TABLE `almacen` (
  `ID_Almacen` int(11) NOT NULL,
  `Tipo_almacen` varchar(30) DEFAULT NULL
) ENGINE=InnoDB DEFAULT CHARSET=utf8mb4 COLLATE=utf8mb4_general_ci;

--
-- Volcado de datos para la tabla `almacen`
--

INSERT INTO `almacen` (`ID_Almacen`, `Tipo_almacen`) VALUES
(1, 'Informática'),
(2, 'Fotografía');

-- --------------------------------------------------------

--
-- Estructura de tabla para la tabla `equipo`
--

CREATE TABLE `equipo` (
  `ID_equipo` int(11) NOT NULL,
  `ID_Almacen` int(11) DEFAULT NULL,
  `Nombre_equipo` varchar(50) DEFAULT NULL
) ENGINE=InnoDB DEFAULT CHARSET=utf8mb4 COLLATE=utf8mb4_general_ci;

--
-- Volcado de datos para la tabla `equipo`
--

INSERT INTO `equipo` (`ID_equipo`, `ID_Almacen`, `Nombre_equipo`) VALUES
(1, 2, 'Cámara'),
(2, 2, 'Batería'),
(3, 2, 'Cargador'),
(4, 2, 'Lente'),
(5, 2, 'Speedlite'),
(6, 2, 'Fotómetro'),
(7, 2, 'RTS'),
(8, 2, 'Micrófono'),
(9, 2, 'Transmisor'),
(10, 2, 'Receptor'),
(11, 2, 'Manubrio'),
(12, 2, 'Caña Boom'),
(13, 2, 'Lectora de Memoria'),
(14, 2, 'Audífonos'),
(15, 2, 'Maleta'),
(16, 1, 'All in one'),
(17, 1, 'Cables Varios'),
(18, 1, 'CPU'),
(19, 1, 'Decodificador TV'),
(20, 1, 'Docking'),
(21, 1, 'Ecran'),
(22, 1, 'IMAC'),
(23, 1, 'Impresora'),
(24, 1, 'Laptop'),
(25, 1, 'Maletin Laptop'),
(26, 2, 'Trípode'),
(27, 2, 'Olla'),
(28, 2, 'Softbox'),
(29, 2, 'Sombrilla'),
(30, 2, 'Rebotador'),
(31, 2, 'Extension'),
(32, 2, 'Memoria SD'),
(33, 2, 'Multilector'),
(34, 2, 'Paños de Limpieza'),
(35, 2, 'Estrella para Trípode'),
(36, 2, 'Cabezal para Trípode'),
(37, 2, 'Peluche de Microfono'),
(38, 2, 'Cable XRL'),
(39, 2, 'Foco'),
(40, 2, 'Cable Micrófono'),
(41, 2, 'Cable'),
(42, 2, 'Cable de Entrada'),
(43, 2, 'Cable de Poder'),
(44, 2, 'Cable HDMI'),
(45, 2, 'Rejilla'),
(46, 2, 'Esponja'),
(47, 2, 'Adaptador'),
(48, 2, 'Anillo para Luces'),
(49, 2, 'Filtros de Colores'),
(50, 2, 'Tubo Recubierto'),
(51, 2, 'Reflector'),
(52, 2, 'Tela de Color'),
(53, 2, 'Parlante'),
(54, 2, 'Estuche'),
(55, 2, 'Carrito de Filmación'),
(56, 2, 'Archivador'),
(57, 2, 'Ruedas'),
(58, 2, 'DVD'),
(59, 2, 'Accesorios Varios'),
(125, 1, 'Monitor'),
(126, 1, 'Proyector'),
(127, 1, 'Servidor'),
(128, 1, 'Tarjetas de Video'),
(129, 1, 'Teclado');

-- --------------------------------------------------------

--
-- Estructura de tabla para la tabla `ficha`
--

CREATE TABLE `ficha` (
  `ID_ficha` int(11) NOT NULL,
  `ID_sede` int(11) NOT NULL,
  `ID_torre` int(11) NOT NULL,
  `Salon` varchar(30) DEFAULT NULL,
  `ID_almacen` int(11) NOT NULL,
  `ID_equipo` int(11) NOT NULL,
  `Descripcion` varchar(50) DEFAULT NULL,
  `ID_marca` int(11) NOT NULL,
  `ID_modelo` int(11) NOT NULL,
  `Numero_serie` varchar(30) DEFAULT NULL,
  `Codigo_isil` varchar(30) DEFAULT NULL,
  `Imagen` mediumblob DEFAULT NULL,
  `ID_usuario` int(11) NOT NULL,
  `ID_operatividad` int(11) NOT NULL,
  `Observaciones` varchar(50) DEFAULT NULL,
  `Fecha_registro` datetime DEFAULT NULL,
  `ID_usuario_modificador` varchar(90) DEFAULT NULL,
  `Fecha_modificacion` datetime DEFAULT NULL
) ENGINE=InnoDB DEFAULT CHARSET=utf8mb4 COLLATE=utf8mb4_general_ci;

--
-- Volcado de datos para la tabla `ficha`
--

INSERT INTO `ficha` (`ID_ficha`, `ID_sede`, `ID_torre`, `Salon`, `ID_almacen`, `ID_equipo`, `Descripcion`, `ID_marca`, `ID_modelo`, `Numero_serie`, `Codigo_isil`, `Imagen`, `ID_usuario`, `ID_operatividad`, `Observaciones`, `Fecha_registro`, `ID_usuario_modificador`, `Fecha_modificacion`) VALUES
(26, 1, 3, '', 1, 18, '', 7, 4, '123123', '', NULL, 1, 2, '', '2024-03-15 12:04:11', NULL, NULL),
(27, 3, 3, '', 1, 19, '123', 6, 7, '123213', '123', 0x52494646323b00005745425056503820263b0000b014019d012af40163013e6d3295482422a9a9a3d2ab81300d89694035f8a1b3ff2e63f09dd91f8ad9f05d9d97d56b90cf67d39dd3e7d3fe1af93df9cfdbff127f37f772f75fe403f63cdffc77f67e6a7d867e47f86f717daaff01f791ea1191ddc03d47fc8ffb7ea29de8ff77e981f85e6dfd95ffb9ee05fcebfabffbbf5f3ff2f8ea7dbbfedfb02ff35ff2dfb53ef2bfebfff5ff6fea97f61ff71ffbffd8fc0dfebbffd9f5d9ffffeee7f763d9abf6c7fff96b3a0d3ec7dee9e58be2254de58be2254de58be0227fca319eca49b2f598197b235ff61d022d0409887f9f0e7544cf3d25979a261f1827db131476fb417458b3a1a7d45607c78404e8a1f1abf025852c49bffe35e5c7f18494d21f756946cdbf9cee16877e3a1407c047b0ff458a6a68c4bae2543f34517ea454fda97f53be085adbb6637930934fd74c9864f1ef8a2cec895de9e3d492ef5a58f75a522061097d8fbdb8aaead531f7ccc6faaa9f85e06bc6e53f68c1287ab01775ad8a0d83df9473d11f0acce36a265a162305db33a6500431fd528f46c3025feb9ca9b75313670e753e45bcd2f8255b266444051da27a1642b7d810387d276bfdc8310a9cacec3b9927a5df488d0e6df7292d380d576f99d0229c9d8ff6a21283d07f6ee0538caf2f7d509e2d6bea1aa37744d08b2a60380b764da7818e0917089da83607ef30c02830a7de8c23b1c173eab3863b629ddbbe0f15c93681cdc8bd2eb41718d8b8fce1b2c7a6d4d67bf0a19680cac63643fc7c0e6f53483dfcfdc82f81f45840ec46b4d879a175a26de591e218fb93b5bb40a5fdf61cc283aadfd173bc02c534cfe9910a87f25053c27eb37ee7724fda84f45326622c0d6daafd60325c7e287e742256a104351b34a26f74d9cd7fa9fa6a4c002f675143bb13ecd41418fb64570392e39744d023156d86b458ea1c86c99a03ad94d837de76ed5a2b777a8f2c3343a1854f886c4b10252d40ad66a6036bdf357a633f94c66f12da6766e12c99d5b2d39fbbbe491e75a63e317bf838e2608a367a7700191f928caeb712c63286cb564f4d5cd9f3d53fdd3a31738b3430949b5068f76f66fdfb6bde19cebbbed06c23cae4e283db77d56bda35ecffd6665e09a732c81bd7947e989fa5fc41595caf6de7c82824b83c957dc3b19f2479a52d8cad67d24826b5943f3ac1ccf51c777da0707b67c07d739eaf9289e2d7818cd0394e2bfee7cfe50ceeda73239f3f62fef855e507f99357813cb849cce25d2fa4742211ddbee3d7467baac925a1b18a7584cb9077219fbec3ee81d5e35af69767776aa31c872b65e7c8babd3f501c8d7fcdbfcc7797420f7154a89e0f3902a4f3be0865dce625e82afbfb22d0dbe3fcf8fbc4f4bc24a4d4742950e90843b5000fa15855ad9ed60605732ec8b96320face0310b763ca5ce99050da12dad774da833c84a9df98939faeeb5e2d2011762a45c3b3526f2db194409b9c5b2022b91f8e317723d4a27f94c9765bfb59be45cd50c327d92015b23f69decd5df5f2e2667378e0bd70358f7c6482535e4d517a917dc6f7e7d4aa3ee13bd949318a770376d8218fba5a87eac71536a62ff48eca634ac47ab6effa578876f2efafa13d849df8abb4ca3e979ce4b6e7dde778a30850fae57470954c6a2b1214789dbabfdc81aa9aa389438b3f6bc08bbca51308ecb7d252867c3fb2c48b78070c05323093b53c02d20a48e290f015ce43eb2c475562d3597a265181d17b279438aebab8721108eb8d50b84048fe8a8b67b64bfe0dc8d371c6919f418c424bfc97102677a68af164b4ccca88282bc7ba18c38e542ef0a3aeaf6dbca5b60a8be2b8c5bbd74b291c287e61271b16d461e345cbbd3ec201c8b0db853dffb1fd069fccc74bcd50e8f5126187c3c1743a8ef960ce933bab4b2a9c586acee81d151ac048daa763e92ca6f2823a50e7e694fdb7f24ed7ade5b423012333e7561d956c6a07e6a2e8656b3131bc531fb0a8c112278f6afd4a1f68b9d33a1d05f2a4569fb8eb45215a9a01febe8b6b124b99e9558a2c9323416a3bc859f651e2c0f77e86d0ce84737bdc235fc44e0fcc1724e29c5b21363c3ea64627cc83f41c11e6ee95cb08a68019e1f52c11fb88ca67b664543c6cd6e41d3bf656c5201070f0af7feb970c92ec030e374adf34539cb6ee07ed470d24c5879ce4cf792a7dfb3d08a95a2e888f84d7f272e3bc8acf59b2c19ba2190f3c15dbb311b36c0ac9f31d34f8b0df1eb74ed0170d72db2697d3821c43f72d3d1f94d8525aa7a5f615f9f20e1e147064bb576bd3fc8bfd8f5b6554e79354db110719bade4037fd0a0e3754b89b4e47596fe7b92aaf41312ad260a1ee006882544d35735fea35f3440d49fe94a7b0f791dbc0c7b08f2b11e2f259cc7f3ea9b03bcbf4934e022a540ca69410209e7875de3dd09ccbf67908fd1ec20920e851d14066c1e731d1f32f177cb4b2223c6a98511f7d97429daae22dfcac4736bdc4627f2a988c76dbafc25129e844329df4c746e145282cc2aeb3dbb6f924c03efde047b1b1eda744fcbcf40366ec0dbfab3de334309b830fe2476a2233db0022a2a89b38ec895bf35e3a441b40b11648e96e7b5894f46a5689a051bee0ba70670900b1edfcbb3bcbd93b8d07fd3fae22206b1d27694796b0e520af80ad65899b85a769a7dba8178b9b1e68d597ee0f683ebe51da682fea3769e10421422aa8b28a5a1de983d034715c82f8edbc611c256eee5c9fb154f4ffabffec1fc3a2d602ed7bdc857455800bb290fc51d305a9c8708ae9681e0a9e3a4425b0233043f1be3bb88465a0dbae1f39322d3b1b05f6caa7a898e337358af9b8fd8af238da6612d11652de752aba0cf1c67abf621f12df82bde729cfddad46cbf3ebacbaeb5905f2cf6f6b0a51113a74780af23e27b48c8f5eeaef51f03a01609c271b5b4d28aa09b3307867d970def08e45da505d653126f2b042497c44b365b44647bf6f56e3fdb075554d4a2d7a3f6255f3b4d487736d6f95898c710411026fb64f255528e32ecf225c4972bbaf8acec6c8d0dd11963d8adfb934ef7b17c4f0f35248265788887981ba0ba2c59d0d3ec7f0b3a075bc2ce817c44a9bcb17c44a9bcb17c75837449b908000feff5d0000013a7be53606d37c988d9bca6f9b57d38ef9d935dcba8def6a79745e51a1c869ff1827b5f3ceff8245971bc93d0e0cb9e49dbdb528d76bca5deccd4e426a8a4407fdceb62c08da71b7ea8bbca6d3e38e229363b5eb198a305acfb82f06b493ef80f15db9d9fb5098801f3cc82fa9e664d31d93fd659d767ab839bb106ea1bf18f602b0f9bd7e7084fb37051ecfb04a91b2cd298097f715ad9934bb8eccca51ff75167afe0f1f00e9e2825f1bade7aadbf0dad711e39ba508b3363356d545852cfd5eda0294be12e0ee3b4864d972d601531428e5cc6b8532161c6a6ad10a589b4ca090d09ea09a8e1c9e83ea1b88d51f339ee5ff98f2ec64c75948b507f31e56ab7d57e1482f8058c92bf0151124e3847dbcf3b6c1f4f0ba5c33e2baa733c3c48d909a05de001237ab9de98042577ac832082d9bb0b14e7aa8f4379e359c562e44e6b317ba0d3a49104aaf3e05817443d181127d295437a08527f2f4c814f7c3c66411a0d4be82d3949686d6e1c53e64d26170c9e14f11c6734a8b40e25b8a6d0cbd745bb4fef56a79caf35eceb89e71e299247b455a4a11265d7b4aebcc98c02774737c949ae33dcb25383a92c8a2d733d67f4db1bc7878ed315f20694126632e3156b1b023757e98f29eb385bcf335a688fc1efd8f8120fe9e2c079463e42ec0c9dff5011e94edf4e78b6edb5288c5e32563471374eb656a3407b507acd5d18d6f6bfdc41036672382f3863f06edc90ddd1693f98057deb5c77d10f6b3e5c969e00c193ada873bf863d34cd2cc2f172abf9869a0b770808b471584932779a43d331a1711921f7703f540c47aa441b3c56cef43c059e1bf457db9830129a26275ed0502aa6881730def50c04c785f2b65187fab5c7ab8a549331e7b55de8bafcf6b39410d93c9cd9b2ca0e89cb5fea4ed7ebef1916dd727edf2a114ae409bcbc275ba227c8ff09270bb1079ab28f7afb561641adc34ba81873f9900d0a02c66cf87c089542cd3ebe1b5bab11df8774be801fc0de67535eadc06c1e4648c21e496e7af2a4104edcccaae36bf7ce8e9604aea30855a205b026cd9150332c1717ff25e62d9429f42ec99506725dbb87d41cab274069340b5a1dbc1c80050b6ac6ae1b31c1801e37f4e6d96854d9d41baf7c8452197b7e8a0791e1385ceab4261b4c29b0e47f99fb914c4ad8df6465cb54bf9d8fceced679f3b66e65a6caa9a0b071c8b7916b0af0b71dc79a5038825408fd0b681ef61a56fdada9a341d3ec627424f57420c79ddeff280acfe66f0e69fc37c1725c676ba82c423d90ded0584e8d58aaae0567d6e51fd5d6adc546ce4972646717c8512e3582f2dde1d7827fd69cd48ae7e3c61f55d73378fea7d511329eb750bfd9f894689b9b2f5988135c02674b5dc6c2b634d0ccecffad34bf03e1aa6c801cb5e8df2e18dd72a56f558e509f53ec15dc8852e2e4d0dad046b5761910fe964aef69f45dfd5be683b4f1e434dfc487b9ab969bced68ef0615a01b4ee5d61e0177dc1b7c69fe5b6928cff43344077b26a760bf2fb4c5a530d9ba5c15c6e59d4013b8565d0c2cb0d33dd98b528097ff2acca3d2adaf3277ee06827fb760215471b33b45fe4d2c6acb7088eddcfc53c93155b887ee843f7e5ca84c106eb1646f974ebe6d85723012346dd0315a97ecfc72f7e0f47e3885533895d815390cea47833f041aef241022363204fa1d0608214b0091aa7d9c45bf9c15025d4fbb5e04982b48aa2ded16aaca5d8ff7e29026a1db7f6656120d4706cd652db066a2a51f6545d0e7f6563d08ec129a26916ff4211c1269774434265064b89854df4e016d54159a205cf596c1d720f4acfd2573456b888bb4cc6c00df044d7ca0dedca4731ae2a28e06516f38e432136ae4fcc9ae6958e3ddb6c5c4af1bee2fb9d9a1880f0d52122d5c7758349e0da79892b4bee3e66a1e663ebe98aa13f41b5b137e1d6ddf3f95e2565fbf5f31ba7515c3e12ce240cf73bbc86611cabbc8668c8135a34b1d55c007ff4ce8d392a2c3dd2ae3eeb4691e1012fe36fb431e4d4bb5f864150e25c05fb3a2dc7df7e97528028bd1def717aa247d1ea3b24e685e47075cd8c0726cc89465d64d5edba15378759f388859ecc92d675109b18202f3884ce39f7c64e223ac39e0a10918f698b9436302a56c279171da7c4fd8879f279f70aa4ab30ae93be9ba3607819ef5e5d0922fa7b8e36dfad5b9b6c2f5fa41c6f8c4fa543badca54f070e73806b12907e9b75e8ecf599b7aca3e65ee004d69bdf71962bf132cb77571834609835fca8b842a690cf8fdcfcc11d3f478b816deb2410a7e18471ecde5bc67ed0524a1b64ee84f86aa58a2713ffb54d1d4907da2b7c28fee0242de19dd8798dc7951226b68ec36647a92793404618b972b8edeeb7f1796075cf5fa91c683e602cf99de4a6451c69f72ae390674233b0e592bb54d835239bec1984dec7e8326897469daa086a88e1c03d2338380abf6a2c535614429b20aac4dfab52c1072c36a51b378662ab3e011e1e726df239f301ff0af9b0d46320eabb5274949da4f84a826709a84275b1c77a167a4c45cb88dfa463d1e264149a6bed7d6ea995e0f840f194a8c1fa1d938515e89460591461592b107c63ec91d3b34cd962dec82186d2e51f09d56b3706e6eb7059885e65e873934ceaee5074ecd41cfd2bfb1e76ac5cbb06c53a7b44be42e6138f955afff9667746f7c9822312127e364d9179fb09fe5d0238afe3000a3abdd9ad4b2a6ef6a2b1b683ee6cf709aae89bf14c712c37c830207a2908a557a6c883a832b9f063440312c767e1ae5482b6bb952e5661a75160f8d1dff232cb82c11cbef98ca366c9520c19992809dcef81e43febee31e85aef2f21669aabfe0b0b82885ce931aca9e87aa90f81efd9fe4bd4deb8434004f9ee18abfe483404fef7a847956ac376edd1602aade184a4df22b282c131d4edfa73008e620d30883c266592a50cf8cb8f953953d414848c69a613d437d7989734bec25f53b7dc55ef2cb7131537d46856f22c9dca3c2f64a863989aac2d2055423b33b8c80728b54c57fcb6d83c200a9120443ceef17b444c6cb072fbe8a515e32e436058a4bbf9f61b4de012824a8c87a446bbc31e2b622f9448b74e3aec966621e64daa136a32798e3b620fd9f16797f8faa291aa79e7646b22ea00dd737fe6fa38ce4106ef6e56e5af8d224852b3e22a947cbd4f3450729a7a00dc97f870c829854e83a349d3d612fac9889fddf70ab8d2421b671e17754818e9a0730eb6f781f6e4d15ef89d40acf00ce8d1f23037810181c28d27d9950207af9ff40b6f818caf32b202a70e909a218947d614ef1138247a6edaa6a74440768e2e670ef9cfac07e5f7f333e463b06effe90bfbff9e3df81a6604a11cdb168bc92bbdda5cc48311675562a090a0769692d2161425ef84d6aa06e5110283bcaf37ae33fcd3ff5d557a5a43b40de5dc2e8930e163fbe7a8c907caf860284e473ebf1fe0d892e0a8348f1e0dca80734276138040309ee0b20ba1b9a9387f9144d4d95d044e6a8a66f759ad42b0fd0354e7b2fbf8246ce609909d4241a140a68f16ff6e216a0e8250251d7a250d97ac36ca36daeeee4eaf50bc80734ebcf47390cf2791ade6b3b6dc3ced78d0bb61aaf44fd9f20f91165ac00f8d61f87e9946884bab856dd16314147e639e51c298239e1b18b6ec086443e6ddce9958734469573043188032527f1791e9d19a9a33c479a5a1ea625118c34c1d9a405b711d7ebe4c0afe81ebedc6a0a93ff7a20e123bee04aa50fd3b416e696e10aa180799cbd062743eba697c83a67446fb0ad953c4c32fe33be764eddf988dd5bff598e37161b458b34566e434f632085bed33495bd76e9a46c1e93deae72c70bd74723e7827ae077dc76927eacbf2d0d951d59d1c06f8e7976a5c254387981ba5c1a6016fa05cd7a337c4c9b7d3dec5d168325880fb4e1a59032bf1246ad8c8be80134c52f456d84991c31316148bdfc122b19c950604fc317963e3a722a8ddc9adaf9959f2481cac075ab6e3af3ee4ec11a46b4f9d81106086f4ed934fb6e0d78413a78cdc5c385657d10ed23fd53982d22fa53506a006375b4c6b6a29e006fca3619b5c9061aab8604cd1c3260d0691e0bfd1d70951d49157ee64b1998c481dba39cb4a2d611735bf71abd5681cf1afc59b67fa000f0c166d8ca14258d43ec718becf238112196ff6a4533a57c6a4e85a4a69a038ca289b6c22aa82b3ac5b9047b442bc6324d69b152b7823665f5f84f8abe0a0ed9d2ffeea269698822a4010ef5e55970569e53743abc859fa660d9312d91bb4fbd3a464563d74078f37411e8f8735933f406bd7cf6a8de18efb88659f821d5e229f2f9ac4354e10913fa8ac99eaa82e22be2305d527be468921435ff50bd6e261509af6e89d99fadbc836fa917e21603aab7262cc533d8c0ed69923022cc0c85414572964eb836ebadef5379ff5685164981ff78ae4fe082099ebe42f8c349d1316e31270017176323adf2a6b34ce126e3963e9b5767c87c6019bdd88fdea7ee3b5a2913d9d6954b232479e1b49d3663e93e439491ff1272fe2c6265ffb13501950b363bf66feaf170ade5b5dd4b8ae2671a8eedc442d0d96f7de55c675171913212b611129391be5c2b04730c585b56b2dc0306a19377d9f0884402fc8e05db9db437c01d9d21b152b5a7d7a18f31f87f2056fc0a2e9ad1f79e7d208547a195888851d54573eede3e057d2935dc81a0091ae8ec64487bd89c462a4a58940873e6c652ba472f4896761fcd39b4ea057d2a5b05c2975859d664dbac25e97cffb0b5d47999028c5e1d8e66ff17266b5d27b042045c906d1790213151f2de582ff5941ff877e512a44173e16295bc03620efcdbc9ec5c0e38df1961b8d2ac6d913dc9de0eafb7f21424d2d95bb0298feaa496f24c24ea73ef628ce850284a0149238610563c271a6025f605561f03042be1dddfc8d690101a832659895ef0a93b298769b24124fcec67b28ef179bb7a4ce1f8aa425649e256ea10ad2e9e8cc7e9317bb4db12d6416a2b8d4976dc23bdd47cd8077a1d93bf10265f1031a7ab96d64d88baaf8c51a6ce5e1bfc3b7d5912288dd877af97d289ccb311b532038edbefe0e9a1c89402d9d7dd74254b232b544086c5904a48c88d667900ae89bb3b8626f21155eccc20cc85560af56290a1f74751b90830f95108f7a3965f0d7fe4cde26f78d04b9e59f7b74501548fd8010730f6ca746f70a11f7ff1ab7cf55386583fe4573bdbcfb7b0735d3b01d71be89635cba7c480f3ee89ff6521839aecbc43bcbba1e477d24317154c3da0d423830e2a6cd792dfb0d50b347469421b0598af5745d62399efd2db04d3e7a66550d9d97c3e26a219f2420b07645916cc3f56aac2d7778322ef8e91765f9a762f68c375677c0204af7568a0632190df63c13afa12f01427b614205919beb68c59b3aaa50067e311ca2cf24b3452d84c05921341b998b28b3eb7b19eff10ca5123a1c15b48bdc4dd3e87c666edd34ad796eb63d9a8849de96b9e77407842ca15f8e4b6a1a9d09e2fe9ea9c79351ffc9139d363d26512b7a2e83a654359ddf1f979ecb5b60fddab463303e01e8e7020315b8877f9d6b1914f838baf095d681f6c4b9cd25de47e6c2c49d74c0b8844f0e692c88138df3e108f32a8fd1dda1eebdfa0a9eea749a7c786ecd35f782579b5969d4ea083f96a623f9cff2fd9b3e231f3152fd5f396219f8d57d179db2307d65dc065dc1832f223b3ae6540507a6d4c30c68964fbe018467752c520ae43d4e0e5b6f8261a8929f2feafed3109bc8e82a20530bad9c3431b4875e5d5081884811c9c114e24c6f8f1f6631472f1e33f21628b005e51183bdfcfdae17a03761136e9ae2c81f66de448608a2edeec6280962b7b4c33922b2d49bef4b8e69b5959dc2a60813c470d8b3c2cabab68b2c9b08b74877f3536590879a21a436201881cec8891722e5a9b97ba3573693097e124eb8220df4f7769369ba9f81a82036ae94eaf87d087bd5b126570246088294416edef5cd6547036de012e1ea59a4298b78df2786171070eea17b940458200c4c461307d5cb27fb0aea3ddd9411b4898f791517e6dd4399ad44cba7105bddb1732708570cf3a309d261a9be918be813a02bcf3a0ddecbb661a9f6082b933aa478713dc1197082bc23ddf4938f51090a30968909e8fe018e38921f052b19c9f8d9f695cd41a9ea8f565e5c56d833800f6863c467463f470da10fad37e47a622ae1b31c4d09ff9330667627b5baf46d3bb9a8aad2014c9e5aad0798d1bb5a9467e5c3645cd2374de56ee4246ded4f19f559366aada17f17d36a74753fc4a5054f794b2f032d8746245e0e5420cb9c7c7461bdbb64accb14709b38632ab6e7d0373db5cade4ed9dd90b6ba0ccc8ed49f86c3dd47cc941da33dd3f035936ab73dfab74dd4434a73afce2e2db2fb41cd47cc624e3e75a3ebed922673b83693871a95826a2c2204c925d8a667aae61e2d9aa5fd2ffa799195e493c8bb9e4c0db9264f36eb35b6412af9c626312d67cb5626008dc25ed27eb6f2dd839528635fcb17ff47a389483ad94043437ffc7e34522a9db7b499c1ceea53dcf54bdf69d35811a43d34846e0e64af2d84984b42e3babf141cb339f5cd551787f18c141421f2afd3db30ff9f0ee1536b684bffab82104d215acd05e1b7d056e0abafd86fdf2dcfe385c7ba45d55596f88154bab067545b7a62b760147770bd57bc804daaeff08054c1d02e3414b9408ea797c0c614e0718adc850ef67b62a88450bfdbadb48bb40811e4c4ee094d967ef7b086e60f2b44015ac244be8d4a50847112d3f51b65930f7acb2d5081704aa29b825654e7a262ed80b78eb0720f310ee55de6bc918aec928673e447e7a10e5bdee1b7fd656106dc31546a9fda8121bfdf3195dc11c55d276b652d6ba417a4b621c5c390dd0855630bc53df9a58c8f53367050294329f183ca04e03643e634334d858d469a2909ec86d6c7e744609d62ba473bcc5efab3edbae7f49934dda54ee2ab96e1f7528be04f54e4da484832f56f8e4b0ffc57f3f0dcb33b97bafc942bda42e17401bcf5e6390794a5b659790d76041661891cedb9371accf623a6e60290c7bcb2ffe40adf8aa7749f11cbb0f12d6ece19e2d9f0476c0551b30e0ae72ee529aab4b4f62e7318b062800fd04c1eba8d434867bfcbd24b795cdb550a70df49b6b211cb27fa06b23eb599afc19496073379665d4dadb9a92a29f53264a4c2b03bfe0b08cbd5774617514007272d348e80f28b4674fc91745cc6b6e252dd256eb930e543167acfe881b6671cdccf45c310cb5d5e9bffa6c26b93d219b00cf7b853c97c0f16438d3a35e48326e65efe7df15a63130c076435886282b8ff13d593eee4a19f6b6b99ac264beca6c81b1ce060a2f3b55f80723f43784ce77e6c08561f6470f98801729e4a79e556d93f65ab4b4f345ca85255c040b53ee42118e591c90162eae13eff9115dd3cef19223dcf6dbfad544573f862d23446dfaf90a7bf1e1b2f11edd5f946ba74aab13532bd7c9650f919da462af11b27da6ff18b469e5a5de71b8791ea092ba2bd95c33bc8620928a880c3f3aca443967c8cc8692ea6203a98c779a62529a568b870f0ff9aef7c86cd18cde9465a836ff5c3b3dab8642413858a0885781a793f9c8da540a9845210b5b94d0ba8ad9a21593e865ad12a956cfa89dd41495cbd710e1f67b520194cba1b811088e55c8023dfbeab1c9de1126f0e5bb45701d1ec37a3b61dccfea610afa22fe4bf635b1ff30b5f37d838a278d907354e644ad25e9f995c45dcb439ac236ae8672d8454d0afdc0e16df4c5d62e91d9bd8b75331f8f695b0cbe3ffc5d2299455aa12497157d24e8c74ea463852326e56c6c94eca0286e3cb0284a8cb8245762650675c919287480e4963c820c1866095cd7e2bd93bb5b750ce78af5b486df497cf2e1e6723481bf24d3a4f366ce0b033ed91295de4fc6ace7789df94abb324fddadc9fc0e238cb899666e9d21268c060e8958bc78099bb9bc297bedab98022b902deb6b615561974a47a870ef4ecb720bd46c6a0210ed53100a285555fa268e93efefa9ed37ca592b0ffa0978541f65cf9bb7f26be9bf52423c29aaa7a0f87989d925fb25b8650e3d434d9dd7487a34ca99d1156d5e8a998cc5c9ca92e22a046db6e84fea10a4174d67ecc0e7a4004638d01f75ac55d0f0a2b47a9ec0fea2ab7de35046b4548efbdd7d65510e5f3f28ddf2ac38304d24ef5d2394982c7e46263e28802cd15ca68dcdab58fb5bb4a5b9704b62b3633af4b462510750901a9a52b904e40ef7693c7e8866c20c9f9e5b359166b6d95004e4aa8e05d1ef24e7ef34267c3a95674287fb5de04a6950c768c0b0ce42b383e5180e4842a231d046b86c0ffb02ad1add67140419512170413b8c62a281c416d8f723f4ea726146493d95bfa354614eecae0fb112813c292681d85f575b1e42addab2b12808de396418ec13f42fd575afb89fb26aa821e1ec4e62900e4281c9178996a875b22603e8e4025415a6c176b995109fc3642f00621442c6fbd6e79066f38fba7492c7873cb5caa25d27932507eca5635acdce651aac57b8b4821508a4891e2e2a6dcc65d6d99b752e62eb6b558bd1aafc745450006c7bef2e405052299e9ea37d38100a6a0a2be05fa6449aea9f8f973626ee978f301a6a56e00807ea90366ce26c14925198c7ed71782a8428181d24739a8ad9b51edcbf64fff4d4518e96e0c32fcba298d4cd996115ac3b0655eb8ffcc5ce13bcb5cfbf63ba1e381cd00864aa777c62bd765169373ff4e43aae30abf2abea4fa2d977735e720adbbdc9e6c18c302cbc6b3239a3e3a189a84358a10de2b18cc521b30256de8a9f1a9b243de636c4a7c3885f250182dc288d0a6910c077605bf7f2c9167cc92cd1e2430ec5e378b9720e22a2e3dac5e9a9ea234e0b589dfb857cd0950d33b3a461d4533eded4deeb4be8c219ddc07bca0db6305aab47f90973daa132c689bf78bd1bea2713cc5e0bbd0e1939650f5ff5f48d50938f30003a0c35cf3bbf2ecded7641efeccbc8772ee6b7f8f4b5f7461ffaff7079a3576934b1765e23d0eaf10efc5845707cabcc9dc0defef272d72d394cd29760918fd73c4e42d47ab6a1dd5e54b982f999ce04553fb8ac3c20bb2f83d16f0bf773c87b4627073a2561e5798a7760ac55871d79fa6b6c9894d2dcee844440147cce0329bbc8014e316b73bbd6a2a7810dd4811a2267a36984d06aabe4d0ee457af03618d42511484ef64c701a45a039c130f0a2b55474a429c2f0458672fd063ce02c54abd16918ff45c888ddc756caaa39c724caa1babe516889969e1a88e27c3c0387a1c77c9b3e034b7e91839d8c0268bfbedc7a69f63e0cf92991f01302f9259dc14c4ec30cdc0ae55a73b27f3a123dfc12ecbe62a11bc4479d9217a6a59cd0bfdce63fd8adb5242e5063614287dfd6580ec5c19e0b9059fc6e1fdcc0d71bb7fb99281309882dccb02f8de3a611018da227038bf4f23cb75258e2059ca4bd18e2bc73879df4accab6e195dbe2d784f46fdcf070f7fee2df90515639bf5b09093a6978fd5080d101cf6eec799ac06ec1e6c79135d02621dad8cae75caf629eaaaf8b643a8cf1d054ed8b8a4366db54374b0cb7c04d15fd065f1d8e43b0866922cf99dcb35fdbffef56da964f135a1ef68f933f001862fe57a56f332cb3a8278f8996b3dd2b7fc4d314ddf1ebfeaf9791590fe070c521e7d47a2fc55b43385689c9aa4d01a2d6a68a9f4cbff95881bc14a170d478645c66bf48581fd2dbfc038d08c26d69594b8c78b65ecf0efd35c41c4cd61ec17257c755f0d99392c0684d415fc3dbcdecd68e7fbb7054e360b6560a09f5a87ab8acf466d0ad7a095ab5a3eeeaeafce34b029db598ad3f75adf0145385f0da2c815fa1b991d1853a4331764677a9948def28fa566e508cceea582aa11f9248def75a57d06a3328a5609c4d1892db58705206e63bea44136658f9eead65d4eecd707e3a68ee5381d752147a0ab19ffe214c126c40e8bd26c173c2041c15368e3df92e71ab7023698f5ee8679039320f77632ed1c154e0e10cbefeadb14b03f2e0e55bf00cb6f2fce122f4e850b6bd82dac4c5dedea6764b89595e0f4c01238fe5deda920993b78caef1672a6a7b432c1081ea438288f36b43683ebeb908a66df18b8db0f2a571e9e90ed1c52e4dbb0a72be6c8cd3dadf27e83f4efa9552439d95988dd370c87e8ed789223108096148206294820c550799bf5f71acaf9f4fc4f1d688c36bccf90f91589886f00f6b36708293de99e3dc08e9b89f191c9a4d9ac2ebeed00daf571408f8700b16a947ffd87895b5b7dab146252f729861e19bbaa392b89be8d03d5760cea96a0c6360a05847288a336956e7e7e868d0a04e5471911732a71f7bfde283fe882e7c6b31da6571582b2552630ef1d3d2ed436765fcee00147a61002da92b0b6ff3f3f8e580739d845f4b1452d71926b3239de093488c6a5efae36f0d878fdfcca43eaff43477f0bacd8512687c1a385cb77e32703652a2453b3b03cb9fb9cd59bd2d791a009e2b00f34d2e9e2b4bb71a1032bd0ad01fc4d5e9f6919d91fbcb9a35a6dc784a66f7c27c3a2dd733a54d7ce7d560e7ede53a2ccf556298ad4d6cb633e25a9652776bff295d4d8eced74c1d47ed46fda3078e373c4c42398bd22ee2a4b559e84ecfab7a616c8cc97f492ecce726910231b8716cdf37fccca090487651ce531756eb98286cd4b19471613b464e38559d6e14ac13a449cf382f4ad8491bb38c6706ebde64fba1e8fb92c6e85b4564ba8b5360e7cacc211794281de411cf6c6c67d8bc9345dda5d04982d221185b8f67082da7587542ee3a4b567c0eb6ec75ed55dd049ab805d215c860ca0b8d25589cb0173cd69ae187c3aee9b9c582203937fe74edb68dcccc9216048f530ecca5e3072360372300ef1def9a7bd8091965554f319d271c376625e885f03647fdd683f14039f98e3897f06855802505885e77f72040950e0df94aea04525d9f62bb83fa160847b3bc21a4f9f8ac923ac0244654e89a2634f1bad321cbb336c17f941fb1267fb1848a02fd358d53644cf8ad7cbbd0ae408833e2693c6811257ca884fc0c812a98d5020ec2a02f18c263f64240bf414cd2ab56ef3f151395047ca3874910fb5140189f94c287aa80ed7b9f050a6182a4fd3d38abbf27e8beff82f0cedf24999d9b5cd7d0e7d515f6c012d90302fb882c51466b051433f257f99025efcb20dae827dfd74961f44cc7a63e1a77f116d346fdb73b78083161442ca2c97b214f59b17b3b4d100fefbb070d06c85ef635f6be666d1ee60df5311c753fc8c4c2171d6ff085501fd0ddf3222ab4f71d39ed95dcdf9310c84895297fcd8c98ada5f14e56d195be0b87360aa41572aa64de20371e0383765a8b8bc83ce0b62f9fef62d4fd2efb202165ccb7ac0249d21bd19008e5f307ec117d9de549c657da177fdc8d451edd01833401ddc8c89fad86078da2aedcff8872554744e1e80c972cc594d80c6512275156867f98a3886f3fa6c3a7ed7333ab534854336ca618088aab0acc34d13bb72de2f9abefceb6086ee0ac42f75c4d6896601ce3c659c2edb618b3831334f07b14ff8eb5f311a1a77513c9b878cb14abdd3d632216174baa5b1fb15a6c921dbaee933086dbe952965321eb6d8ca5316d4bd1baf5ad057eb950fd6977507c118bb2f96fd4a0f4cc8e1b6f6dd3f2892a6704ed331219dc4e8ab348b92db9a1ea0f3606d444cbeb4500accf615334264bf28fbd75f74ab5a6c48b2381f8190cc16894bdb5db2fde091505d6cb86bccd9aa3558dfc898e26975ef87284c7976191fc8c4060bd9e192ea51fec1cec6080c9530315cb32a6a25e48a6646bca996aafec6cb416f51e4719914b7503f837dd8ac058a72dc3d22d6702943b19e071665bd3b67675f64e16ea83bb7e21ff3c4f18b5ec8bb82a99f9b151cf519fb60e70c74d854db1095984c1cf78ba1a4f4d39f2b6ad60dd3ee8ebe334143e67ecdc3fbbcfea59add1993eb190de0633d335c6fb44bcffb0e28f3fd7b0c7c6604b745d426fe271642deda04ec13b773a14948065903fe9eb5ce91692e7d67aaaa642f1cd040bdabe6378d7cff1416eb318b20e7d88bef750f4ee5167a44bc8542fa86b82765bf7022421822598409162d8ba04dc943e6ddf43d4a431c1b5f8c064d041adb232fcb9b1eb7a2a09a4935d233be71f637d532d828af5c83f186cf8e01ca1048784c3195505db414488c65bd72d0aa0b0f2a6535530feac91ab4f4dfa7144f11dd5b758aa3559ccc8f696e639bcf98296112de8e8b763211e2434dc1f79efa6d1d4e0839fc97b4c859fdadb046ae25b255ae2c39afb2eceac55a2bbb08f270fe10c590965496efce10b0998dcb6d6717d7a0c37d17bf5c9dde50feb3277c4772a36b32282521ab8a27fa942b76ea4fb3cff3fd3ddb054597bb73d9c1e15e9cf8ef19861145ea152d4c5700f9a67d5877e32d824c0020613efe03d6bb3aef9b0494600af9ca89aadc500af6c6521d92a3117a42d1b9f9df08439bd1f1824227e1a7455c1b5ecf47a5d13d78b78f6a9ff32f97b9c95c2b9c5e03047e8437393af19e0f5cb533c0cafe59500fbc6c1800f3350f9dfef9e1a40a71cb68ba0e9167e44b7e9403b84dc87c68525d0e68902e99e5e73e61f3f888edf1d3466b710ee29f07164b7969dffc228c0ac590a6a8b942166b22e03d64d4b4b7559ae94f2ede377b0fd8e94857d9b40120da86c3bbe670f75ba004264c1b930eec28af00d15e6a64257b9d75135dd074a6f2b59f5070dadef4b3b24fce6d4fa19509ebc20673d5421bb15b8c302b4a5417326b0078054131e7bdfb16661e3af3c8d432b33ed96ca99133399ef86617f2b33d82a0bbf7c18f0ca0b568416398634621747e2b77aefefd9100ca57264aa4de6ca0d8cc6c6171e81775dc8a6646b2cc4cd0b6535a05d4c45cc2c8888f6b0abc5b43016a919c90de82f6de8cae55b57b053879c5d47484bae963a9c5d1d79bd18ba2a2f29215821087e360bbca525d087a77b5ce995b47041af138d6fbeba4c738a68e6d847354b24767f9646e445a85d903914cd8249f6850518752c9df496e106173c9e44f4a323939eede33743e42b77b9b1b600aa933fbb528eac1210d11ffc3f1ef969974f435e7dfc32c7064a7cc9b2bc4687392d1144a79a93de28a6d49350be5c33ae5db37fb5b5f5297e0d10b1112b3dcfe6843a139ea1573cac14c9146cac5f2fb895366d1fb07e6ff258a8c967f1949adf317e4b494d99cecb2022aef1368c9ad373169aca32cf1155ecb64a21fab79507fff10b3d17e8c37f18418c90cb52f57c76bf39b7a6ad9b83c127cd1d24f92275f632d9a9dd20a3b00f1fc7f908ed8d1a0e571d0093c4f0679a05162389d370b063d5b9ff6bf1b2f1b37bf836dc7b6fb3dac267643c31e263eb333a911f4e704f2de464ee21f75e53552cc63fd3cbd55217dfd9d91fff4e32f847f9d1ed36642c40c1f1b1468b425586bf54b41814360e09b858b9e7dc0955dd2f13e6ab5b2c8f140d4dfdde63f3f60655a374d79867ef99afea7d17c37a165285f4614f9457a675ad492b40afed7e45620ed739740c8023b630563d6624935fa4763bb81209b73f194418e489239ed484956703c009a87133fcd9d07971194e3b445a767e8fc1c49e56ef7371e06edc03f0fc83dd89b39110f53580fe2e3b4b38dd4a17568e745b4b5f0be900bdc2f8932490df86b44ded96f359092eb9818e03a4256127de2f7cff3069dce5e071f98b940b051762152a186359297168170c6e170bcce497e3f9803c5fb88bac6a0351fbc5b0ffc5ebb513ced0636eb585d1517b7b56591cc42da40f64d280e5b8e50bb209cbc375a3f7be14c36f2af3c9cd0903b0b3c2faf65eb6213387fd6f3273cfe2978bfe01f13800073ffc4672f88b22a06126c8f379fd04fbaaec4e98f4680e4c7ef59afea98d6aea8d72a8db42ed33ef9b3b289393b1a31a9fb20e20cb9d5a4cdd8a45e4b85d1e9e5072464159a96231e657ca2c94dab5546d38736531e2fffa74de24f1b0528d5df48dba02276a80741ef010d0ab5eb59422ad35a0ac94582a116cc63f230f6de9f39fa7150ba8fe3221f57ea00e05d6af9735c117f6855047a30910b6a3a61fd50e7dcd967bcde626b23dc2cc84555c00fe02555ff6ccf32318251ed84d7f8b544dcbf529495971789c82b28f5ac5650752730c0b680da9570791401969f6801009be904ab6d09b2097787c1f3288b660716e070591507490cffe482795b53d6feed289ee7c97257e9a1b6f4ffca9c3d573e10673daca7a6ddea4b41825bbece6abaf18c3bcf891b6c44b653b411fe672e74134367dae248b9a29d5685cf0fa41ad550f1e42805f753e25066131d6a485b66745e37272b3295a1156366fb46a6404f7dba5dc9e6f0cc5ea32a7e94ce0673013aace7174bb9199322b9e689203244ed52abc55b529b67dbfca41c295665c7dd84ac1354e4ead999ff76cc43e7288ea9862ac4a537778255e6bd5e5cab8f7fa649ba08f2ed5d1217dfac2e8e5c7fa0026654222329553588d1a44ad9334d95c7eb12c55c7564600e4521528a8a3ff2df2f3518838cdd75fbca8b5c3f4ed29b1279353833e03eef5b0bf1500c67ae3a3d8be9852013bf8d1ac7f2dd7af30483bc42180074c79718f3bf97b74267771dd4f53b8bc94aab64681f844d6661049ff60b9ce071101f090ec56b9eec3ffd4200e706265d324a42029bdc95a341a3894f56de91464e01a2467bc4147a41b99c3749d4e828bb6f9d8b4fee96b58fac90094b81566172e8b4cf1a6f7de77eb9716bab3eaeacab8bd2afcac91f5fcd09684564950568da3c554d01ca2655233d17a96ee8bc9fc822660586874c15f8e082c4b91ecb5b4fc1e75c5e221b1a8869d518e1b1c560c4b9e0ad6100283f0a8b46517da772810586567e74e73004df3b3bb7de4582fbac58c7a76321e08951815ca32a7b391c1fd5a620544e1cb8d928690cd475416027b877ab8ffef01bb12fd124dcdddaba4ed3d55b564dae8120beb2ebe7b4bcf4b3ff09cbd8bd0fbcaa9e0969702ac8e8669e3beba531edac206dba42ede793b98460f0c3ab202432fcb5cd91e0df8937daa4cbeac6484abae36ce30045719e19506858bb04bcab6d53580b341440c4ed47fdc81b166e3666bc3aa0b2d3f685852420fb0c2ea2c7577acac11d7d180f1925a76f517d357abbf685aeab43df58271d54c88ec29a56368405f6e0eac7483408985f7aa4395d2fcf3506871449ef5c38f939bf3d48aa7a50031de3d97d742201767e1cbbbaaaf882337c63bd9f8b3c0d0268825efb76d3504f6b835375d7d1bbfe90aa1bceaf016c623e0bdb1f8365b674b5f9331fd53bc8eb0fed9921d63de1ef54ff88945d8be1652c82059f272f666d98f6b79d93d93dd2803ae4ef3039f6871e53018447c24a4da60d53fc6895c9eea3e2bfd1f2a54b9f8485ed27e979de4f59a963f324466c9ccd3b0716aadf0767b316c27206f4da952a4400957046673267e3c35634f6a25039ae4dc04bf4649eb0f884fe76121df337d7fb142d5a1d6955ed6063ab79ef8f08b1377853909416c90dab3c6c338ba47565efd07d654da65e16c65ae636c8726b78bcd5c1ea72a06433446f86469541057db25268439ea00c56e3533ecf4a7c23771358e0d9cab9874776f2a145675f633d469a2610b8a3d77f46954aa3ee82c68455a80b2428b5976aea4b3cd27ab43a227e69f7db1b3d480d4a63d903dac1574994fa28a7a43db949bcf56e06135369f9da50fb328de9e0d225381a1dde91000ce1210111463af370fddf46d0e93a0ca0aa7e2ea3ef35750ac6ef2c36f3de9de56d7030b8aa6258ae04223f9eec66527e8ea5c02c218e27a5cdcd7a847fd64c2512f107b4fe6df16a2db88401db868340517d695c8e029d443af9030864c5e413f94f9af758cf19c011c3aa6abcb91ffe7bd0ff885c16793426f79b491353bd9d0efd6b24dccf4ee74e706bf773632539fa75ba4bf58614f85985d83b7d898db1c11e176c6ab16013afde54b5476e7996f5585eb02159027317deb8da8e808bd64c7c3075cb56636319412fd5e3e6ada8f50150cb8e30f36e9b8ac7c0ae6780691bf29739ddb9585dfcedf24505fed0a984738895b8041a391095acef9a24835df37afc41494c9f814a352043c5875e69e9b1aabafc8298865e73f231406af52a4d68e0ff27e6cabe1af14e21eea55da4f17a16d98ad30d24e12c1562f5f42b38ffe3a5fb87f685ed2bc4a029ea221efc6a3732d0d97e6a05462899b12b55ebe63a3943961a3cceddddb0c7fb784215ec3288e92c2344ab5fbf69d70672cbf05ddb3d467224107e144f690a322a13656dc02a2c53f7e4328b2db67fe70a22253003af86a17811af85acdb4cd82c56f4ceee05020348cbfdad875d50bc569006c716e8f0ecce44e2282b3294ae7f4da344cf0f798459f593dcf015d6bdbc0bdee32f051c5921dc4cdbf2c9027869b504721b0001ab999eae716acf83d607e57b28be70e8fed8c09573deb101ffabd8bc211a90c060b0eaf4af49cfe79ab2b56ab80dac2c0c2c423ea656fd23d33b13028b42e8212bfab9dd4573822ab9c235eafd1ffb73b5af17371fd1f3916441617a5e34c9e131df54ac9561e2e35cfafb73e8f5763eeebd243af14509947e9108154e5e1a5dbdc86f81b210b5a66621ad76a49020a33d9a1a601c2a3de04adc974ad039b2e7bd1132677c4d4a18dbb429ab0e226bd0b8b43fd73f54201922d3cfe43845bdfd1caaff7abc0287b6fcacf2caf9c951e2529f931e9f4ad42732c1d3d322a0e3689cbbc9dd9465b195f3baabd6f5b8eb0340f84f3c9662103843e5b8fc153eee6d0fcc067f48a96c62023c0e833cec031ef82313f52e8f08cfe83a12553f99b68db22339b18aaef61f37935c0d487973662cbeed988c6eb1060f5299c83ba919a50817b2162b90eec6d1d7a8c351a662298696264b8cee8d3c96cd81b4c70e85646e9dd9d662bed2f4938f8321d6f5543057c7241f483e81c20ad51d5072cf26d9d4300ac7182ffc461962314a4fcd9f462caf96ea33359ece6ac88feb8be974569a9542f1533c76f12605c9f2203800a1e3eec91ea3b7fd230fd16fbc868e8948906822350a54a09a21321bf96a822fb5b4b57c06430dc34b7dc637518bc2ffce6c8e79f1ad8cd4eb3d8d8739a6a8863d7acab003f52faefcbf2474ffb3f984a8e90131a928725c7f3f039fcd4f5475d57ea7a45a4a6afed5ff432979bb677d3405d5f958dd2e0d9136495312c384d69dc5bf73c6ac49200ae9b852e36f734262317fed5b7b07c7a9b0bf713ac448d008e49a0d6fec8a5a944df67161b48176c97b77077e56254ce7ec9e1971f4419bd7e8ccd38db831dff17d50fc6217ba7e44c865e19a7dd37fc16bee58b54fa8944d8fd2f0565343beb89edf54718eb9781d43a12fbc47dcad5e654b15a6b6e42d0247643799db7f800d9be190a4a13acedda725b29e1889cbca0df08cecb92bb99fefe0bb35a576813cc15e4a5f5c13d9cb303de5bc2fd54b961b4ca242b018b9e51a3ce6f5f625b09b3d8697a5b09e87b38485870870d06833ece561f11881ab7dbc33fcd6c3e37532d7ac5c3c7ddbdc29f28cb8172d70d640edcef4610737117b28e9695172c46bd35e5e20672f02daf994cedfba7e1f656a4eaa43eabb9b530a4f1774b864020d22162e625e987bb81f9e8d0e751a15a43eb7725a83002e6e7e05830d102eb5c1b5fef5cb63108201fb0b172f1f8dc6b4062ff9533dcef45e2267b323c03ab21b4227ac247185440b5080399b3c8c5c539601bdd5dc7eb906e2e7eb1dc43e87ccb5d3d3c313d7aba0623c9e215b4382d9fcaef389e23cff60e7202dd063db47d9e87a0885498361a10d74cca7a4775213fd46bb234491650e5d188d5e2b800ad1d83ca4b92c0064ab2f599826815b043620c63eda4b6555f94ea021c72e610d030fce25305f273af26cda5257f1c28aa6392c7b20c5000df247f188af4871967df7784d4ae7cbab7e5800a3070d0541626637e3076003ff01400f462ed92e7920dbcbf31be040ea4dc2fa0000000000000000000, 1, 2, '', '2024-03-15 12:07:34', NULL, NULL);
INSERT INTO `ficha` (`ID_ficha`, `ID_sede`, `ID_torre`, `Salon`, `ID_almacen`, `ID_equipo`, `Descripcion`, `ID_marca`, `ID_modelo`, `Numero_serie`, `Codigo_isil`, `Imagen`, `ID_usuario`, `ID_operatividad`, `Observaciones`, `Fecha_registro`, `ID_usuario_modificador`, `Fecha_modificacion`) VALUES
(28, 3, 3, '', 2, 4, '', 24, 19, '123231', '', 0x52494646ce3200005745425056503820c2320000d0f9009d012af40108013e6d309445a42322242c542c28800d89656ebe6bee02acbc7ff897f9bde1e2a3e77763a93f73f120eeef36bff03d4bfeb9f603fd7ef4c3ff47d5c7ee77a88fdd2fdaaf765ffabfb81ef67fb7fa89ff59ea3ff43cf2f2f674fedb91c12fde51e403ab7f9ced6b82bb5afe73db53fb8f0b7e60ea23741ee1adcffdd7a0a7b85f7af3a2fbaf39ff92ff1dec07dfc3e3c5f51ffb5ec1ffc83fcb7ac7ffc5e6c7ec9e05de9229127814d55361a9aaa6c353554d86a6aa5824df15c12997dcbd6d42a09dc8154cd55361a9aa51af2f87f5e846df545d268c223b42d08c598e566f3c20d441739a8cb01abdc3818f631cec4066c11cedac0b9e3051a528bbd7b60b4d6b04308bde29fcad3ddfb9cc72e8681aa1cb20c33876a9ea4c160872281519b3da2c0cd6d7ad40c9aa75cdfa8d5231e0e5521c9833aac4cb6c148698723574cd74bfd0f97ff777d8ae0496d7b1a1a5bd0db01dd38cc7813ddab9576ba213d77580593a9bf35d45dda13fa124ec7ecb2fed4fd39f69e1c9a2ecc80f1767da270a61000b22aa536c9d42a29bcf81bba4f3f67eb0fbbc3cc15f8acf150445485937cee497ec482b0be35977ead6c6b28c2bc650948ae49423ca23fcc9ff5de08e364c7de64d3503eb76c7fa27c1aae8d6a82f34375437e1d292cd360bb25e23b414953f6f962d6513a9f8f606db2d0b3283c4d232ce11c7f8752c20d088484eb8c0b2a3d0136641b171b67e40b35eb9d09d7b5d31607e7b0f2bd755b9603446fdb9e30f66da3628b5ca7c9990ab237d1bb6c87c8af49d0ec9bf90a454550786f2a7b7a725ec01300e46f3064eb7e005e7b948a612ae12284461c7275c655c5fa0f5e3b6c5b49b59383d05b989b6f54a7dcef0725739561dd6913b23c77ebb3814d3b3cef24cc93f6aaab604a1e607ff581df4699f96fe26be13062ff7134d68b9778eba71a4da2b986ea54d34263470fd24c79c347d83db3169f37110dd41414b7f759b0e76fe501ab15988c2ef0c298414c3e309239c48c3259585c192b9a2dce0cbc6648aca69d2cda2a7a6dfbae1a560668f6a84c0fa51ff3a811f45dad38f585534358c847be02f431df0d727eb3706ec366d729c71ec2408e0f6e9b23157784559a9c4bf4a37e08bd172ea066fcc2b0af71e8b41db4cac30710f2ee37b5b707e63614ebb5e2013d0ba58b50c317656b7218a3bc5dfc965dcbfea1f845e53bf618c7ed25eac1d92ba748ee12f74dd1a37324a7a7365fc1ee9a00f24eb879b10b1e5471840af07b2973c1fa5736dde2adfb3fae1c1914d45db83ba3c7bada192b6b610da8f8c65bba8df5ea66e303ec0d9f8ef9d267cc26c6e264d83ad69a22d4c2a39901a82db44e8604c53d668f51df553f0a985da9d3c33129cf287d591cc170798d8991679a8beead8fa8875de3e792cd0140ceee9cc647dc2bb6a125d269f1be8fa277df491afc68097f089458c6c4d86430052e5b4943c347c2dc6e5b89d950e9be2da665f5fc94825b6d7d37fbf2a5cf12f4a7561a45c18e0a11921dcd21371cf3514a3b7b2fd1b9b22de2dddf3b22f7279982a512508dff7120a819259e63d752f8af217fc4bfd7184a8738522be71aeee4cbead4dde55421b39a330461bfa15abb546d487e14e2e349064e863e1df5e0c592694f59fe0f516497f71a35c9c8666f990c571d57143eb5b4687b61f9d78d09f879a492d5fd3d948d1053ce73c5f96aca09cc8664eda77bd828e15c1fa7b123c825d161c000a0ec91dba0732403e1e5ee156174ed32f19072bccb7d04d015b432c8a7e8eeeea637f420f311e57ba305478e4b72f0613ae1d349b9b583e4dcb0d41766f84ab704226ee0bafb7e975ef2109b78a5d2155b5ee3372aee086c813293988dd9c2ca858ff42f9ac568399aac2667b463a1a482f48124f4e061acdfa6729d3d1b15e9072beb0d1cf53cee2d31a6faf07b413e534aa18121a56fb815d06544c10e2a24ebb28053751dd921d87548387124b3fb134054ac8f00e136be212b2b0a959ee8da759a508d73cbbf379e868604109a71d3933aba936887bd2251045f2067e86719cff4b640a1f01f677c7db81fdd7492498164412f63d9c68971932cdd861bb3ea12eaaf9df33c187fa9b08e67eb861f93372ae6617cb52bcb359c3242368dda9bbc4ae777f3dfb8fce34f4b5a743147c0aee7981a013e9ca559143a1dcdc35f0dcf8daf8173ad3566a0c28a46c5b14d903c614dfbe13e20ef0857d1938c9ab409fdbf5ddd734e287e728a7630b06e833d7bb4d70a1809708ce71ef5e8f7be8d9ae3493edab32db464016fa16ddd29a48c8e233c7b08c3eb4b3b037402731cc25c93ddf36b104f6cc6ffb97538ebff3c437d35b72089566be20d728a67458a63038d53c8ecf004328752b06fb23148f60dab884910677c4e2d488e9417ed56ac262fe4084c1f3ffc0357e7dde68347508053562bb7deca1f97d0ddc3420651669cd34f003f2bfbe3162529509cef15726030545ea7657fa6746dd556f60ec23bd06395e3918f3d32699d1fcee901c3ed811fd632ff638244a074ed25f99636b46f6c9efc210ecdd99cfe58d0745f464161a6e90e60b56f372e70ac3b8b02d3d68ec21e1604e731a0c8c0e96c2814a9390b5e5bbff6d12f709e73561cc5845fdf5ebdbeb9f1e47efc9c8c12b7b12c38fa5202cdbc0c1eb5316df244830d6cdf38b62240ca52dc313b82e3518f21cf94da145775c77604072124e3b5a34877a2e87219c0cddfae1ef2327a0ab362c3a7f676efe19dd69d63bb39044f029aaa6c360f5a98b6fc07ad4c5b7e03d6a62dbee76e5c000fefede00000000687a8e81928cf0e6815799fec82759ed58b7762f308e4a794e48056793e3c6856686b29172c73fc274a73858d3f63d557fb8046c626f0d8d486c07b0cba5e7f18000010f791e67f526f328a8e56b1a3aa165a581da5934eeef7de5116175e03e648057d9be2241e6ed84076ae25c990596556419ef0b8b648df5e3c9e468bd5c4e38564cfa536552672854cc20ffe49794f4230f83e466c9b425825060d4f5cc84604a21f145adee18606e6f9d3e5fb351320cfc0e0e661734877a64a0769d7cd6fc7a2a511eaa6172eaa57ee2c5ef199d7a901f6fff7d1f33624295bb13dea4797a7732e2f15b91102c5f5b73d7da76aacee00bee7ece0760ec429ca4ff53b57f75514cbe178aa2b257c80e1cc4b5d855dd060ef01d098db36a419e0ac237b7ef014e232fab2ffbb4ebe9fa31f6d02c30b91192a11e734cea34f1c778db746b077aaedd91003d80dc21f9063f21992c3ae642bb93128c0f3fa020e91b6f8a77e612a3f00cf411b876e9d9bd90be12a6ad1986c041e423528dc203b22390886f692e97726658bfd3cd24037d6ed278864e2bb838995c96bb94ecc55acd9f8c00715490d3ae2962fc98fc23af56158f8412a047974a38ef0dd1250870463b5e3c91559fae490d4971b562e7068d5d7ec53ad17bb9432a79419f4c8bc63f08136b470a7de4b25ac99d6a84f0b6e113e1754a5e716f6c41d4812902799c2d45d395885f0603e136e1aaf93d3b7f1d1f3c76c649b1445bec75879616a54246ac14d70804c2858150c31804fbd3045373c6b95cba77d4437fb53dfbf8a14c8f3a50f30765893df3e8ccf5e3c50f014ea1d582d3f82df3c731f7da64cc2ce158754e5f481168d6283a1521fe8525260e8e330e82a76ae2322374b98e5a69df82bba00a7ebe310cbabe0e158d3d01bbe43c309849cd7300ebfacb65e51a351f22837ae584e05677ede3bc07d012c85f64a486509f2e1a5bc4afd50b3b5a53c4a231f03ca2161cdccc16dbc9d0b13895322abd5cd69dbad174740cf0c8ec271aed2c2d46b653d7a92aab12d2d05d575ba18520487965cbeb4168821f65c241ba2f76b2dff694214ff7b6e8f02add9e18772d616b568b6e0d79be7879a527e8257e4e31fa89164222e1f58ba90b8eba9a3c51d0cc49f28e598686f11f8ffbb1a009c636183e882a2e2a60d24f7378469d1aeb59852eec2a96e4e5bb44423a36accf52d99293af07b5885de31e9c522d06af4f43b36121f0cc09811c74572b1c0708a88a73c176f933a8c5e94e0656a59b824a870afbbe97fec71286f81363d6477eba359d65afb0e07cbd9550bc0f6cdce1f1e74b2a7bd489c8760d13c984b46f23eba2a061836a5af9af820b2b40cdd89156934d705c78a38e55176b93c94acbe88665b6acfb0bea4357423df998968cca4e7384cae86d132a2c94d657fa371f459e9cac9ae684e1f15183737da733d809e6e0394334872486ba6cd6dd490781817847f9ef1184e40080928f9cf6600f66b6f1e3b06911833110eac03aeebab4af6a664e42c8f94fea19f326fd2bb871b29e8d6efb6e923d6606760d02afad46c027f202ea3bbd26b01b830ea7398cf6408f9d549da6e7787a93d8a0f5dd8b1b4003e18f6bd3b874564dfa4156c79ca37a32b09e3d0b0f2bcfc54b8982a6378291cf6d375343f3eff06876790a64d6a25ceb3eb29783d511d5af710089f7e717ccfe166483b458c1a568ed2176a8ae2f3b6d5d6466d6c2e7fe52852dddabb33825ea3f73c8edc397251f2ae3edabe41714f228cfd0056980a1a509b6af9daa51a98435fba0bd702281d0a73308a5aaee0041370d430045a018ff7623061cf51ff8513ff87bb7b4b1a78576d8b3a7749cb2d330eece6f76a826f89f1ca95eea69998338c68ce2362256ef1b78bbc8f71e5afdd5912a1b9c82b25e3c3dba548ba87fb3d7e49f7c3fb9f47df4302ded9dcf0ad74437411877917b974ccd3837df6ac7d5950e8f87b185ae90308e0b7cc0177e41b909542cf51e19943023ac4f91bbec5d55979ae9261b68ab697f3f9e2bcf7617067cf08954f17d1dc486b5586f6b9e7a6d35b061bf539bbe9b85cbfc29ee9d95a8018fb4375b13fd66139627795cf9a11b11198fddc76d8f35bf0ef0ee267aeac09bc13dc5eec4a2a1ba51b742e8635bdb24e6fba946648b5ad1dee48a1e4f56ed47f1e8e242a086b82a5d0c327a1178036939d2e876c056fd4af989afdc6f98b4591c5cff310f21a77e202ad0efca5ac0877e3d3c3205c59be73fa6fa19591512d0b40b95ec9fba731bc4353edeecd6b24b9d0c56d1cd03178f1cfa2195ca59988639c8481ebc6323147600d5f7ec0175c7b4deb7b54e449c4bfab30e2e2a37ff5505436dd18069479c311fbf62b9dc6df7442c97ab6cafdef4e721c4c3ef9a6b31e43c5434c9128c0337bd6f648ee75e1483b3a9539b496b2362b7eb9180e52ff02b644c33bfe558ada2ddabe7944dc6807a3e777f1d9d61206eb5037b257406d346312400a4727e5323ac0db4790aff06db82f72757a8298344bbdc398253f8c8c3f3a78989d5cb7871d26af7496c504f7a059f07fcaaabca13a1fbe6f79908d302a09b6a7472ac8f042448e9dfca1a0244d17805af24bbda0af99b0dc52e304b8cb2cdcd8b00ef3c7616a4b9dad183d1cfbf3725522bf62fa6ff4eef952d37dc02b1583151f985c752123c296410cdcd7247356f7f5059176f3b42358ded590b49245de7e35714ee23e676d8f835450080bf74fad7647edebe32b1d6778d58ff62389ace3fb194373444ab34bffcab92e1a46d6780ecc299eb1065aee8efc7f6d84a38dfe2dcd71893c72c555a63bdc05fe1b2ce6a3dbc6ea6463ca8efba09f7fd5f87b71608ea7c1bbd679bd645b9ebadcdb6c1381ecf77306af94334d67c1092e8a1ee8b6aee19d078faf349fc20de24520ac13c1f0640354cbad5a2bef5b340487c8167315a085315603ff28d1830e1ecc92369a6df98b72de09c97ad79fbd56361d9995880e18798881cb16e69d5b3f1906cacbdc5fdbc1c0f1a368a9bac8c5ec0239d5345f6ff9547186c64d9ca0ca423770dbe872161215166c4dd31f0a4e221ffff33f08dd1d19ee0a9bb12873e8e961bbd5ed0036db98dfdd4cb5b5859f6265d17e33d4134ff784577b7857ae4265195dbc72158d36337a9a40aa37b54cbe6ad81186101acf4e5030333b907b80b844e9c8e62a661effbdb20c96478a0972631567a2fd3854c09b4d12157db05edb0489da59b4573612a56dff22f3c1d130d9eeb3fa8692c14c72726fe744a27ff702ab5821420af86c5974d3329db79b764397ac4d7fdeaf4366c952d07e07c45bd1c398b91b727a24b26dd8d4cf0809ffd3129ff04e6b00b388a0eca8ee5946319c6630d32ad621cf4fc88992e3c7d3f62624295f0b4e7df681e6668252e054e3a294a599e1b8a1f933ae59f8f1367209266d78cdd5ea612a983f39c9dd76529d1c12ca2b6d2850bdaa8fe3f235e3bc524a027a284ff0dcba4d09f6406886d32623cc0543b5e8262ee43152bdfa667504d918baae3e020a1c6cb423672d861123dec077cbbf2ceff7c04b2b1b004844baaebe6367502b063bf8c9ae69dec6fdad0c61fd151bcee0ca86a60183b5b88e8bf8e1ec614a766b74189ca47f0391f9ef55b5e621b272d9ad5f1ec1d4a4380e457544f3ead9cdf2afaabfc336c14d82f7d71189610bd1184b42be978e9bd5dd33a1f8ff8e7c5642ed4f3c5bba7085260c8efda4afb13783334d5b0798a220cdaca4e5b07880eeb4822a1c1edf4fd03f96c2f93e5ef07a4c263bc2ef10f585b4af470369f8669d215612eddf67f56256a7d7b0101460938324a3ae0691d8cee7eaa209cfd33920e74cd2be6583f2e306f0a2bbd7a3da1b252345f0e64230f44b9a69b0d4b7fd6660021b05c9c6ca0d2739b5f27c185c50b0709c09f67f69f3627c304a4d1c5081f267212cf2f0028e029e1ab87602d73b4b435d87c71feda6aee62c6ae8389e53295effdf19b7784a408ad508400a3a8b7ebb0ca532b8b38e3013c2b625820e30cb34001bddbca7a1a742082da3d72ae404310bc0287b350916aef8a3d05c0a7a9ec8ab31c78137f2f4059bdb7a01b3af4d1f8fc7cf307afdbabe0cfbcc502e050ce917b2c9a886556ad02b31ce98c31d79bd842d0f1d955dcc4f63d94ffaab3c42ea38f61a7d2674f9d0239160f4350b1dfba804469982242c48ab48daa39d80945188f3be49c29ef44d70d259dee9366736c6c7377485bff963918e1bf923bc2a662dcc311bce3f31f671539003b2599ffbafdf441ad5517de8bfa73fc37bfaa4fdc00f0169455fb27e5f53249c8b4b9019f4f749da87076683a0731c04c189f227e21d4ece043be21c59756d14cd991b2d5b8d87620577ce1eda7305a3dde4ee6ded5184ab5837bf5cd55a56b35c054ba9365567282e422f02be5e961b7fcd719c0e0c2590fa7e6829fe95c4194f510636d2687857e0998ede2b2572b4fcb7d66fdff41c5ff1580c8719d9e7eb276ea5092e9b464967f8755120a5288c74e4b5069ea8fa8dacb340ac11adb5155e9bb298d5b0fc7b7bc05f43f1f37cc06378a6389f3d009546a6fbf96fbd03020fd9a1b95b8a4cbc6cf25e955b01ed02ac3f84cde51702dd54eb976f1977a6ce428e6a7490da2a79b4f7d23285bdb93351ef47b8124ef15126b2b34a9c684d0ca58a7b6122259619ec0f089d4d2569f4f7469d2d0cbd27bf8228596d12978de22403ea6038aa80deed3f5ac89be8e3729c0d6f196e82c09a67432ddf783aff2da528a960385d37581ac18014bef79000310b999b7f6602476895c2ae5baab6eb61ececefb11117a2d27865909e7720e9f7eb149e451a2e864f31d5a40977329a847918b91bb305820a3a53fcf6dfc9358cf04f7ed18689f6b7780245744fc2f42f7240f65e44b3f309eaf8fa76926276ebd0c63607ac24b9edda3274d3b4a64041f8c32aa66b27bfc4548a900c1bd180634b78649b283c1386d51c4d00ddd53294b9c38eb8a9624944bc557a3f2bafc14f5ccaa4a76ba28a19b43e50626499b847e870ad94660d192bd3aac6211ab925efee87005952d164125496f891c0f5df9ed0f7f8292844ef467f0c145635d858557f1876bdc43bf8843afc4f672eea88ce4a16d5cde23036cd82ef6adf5394f22f4ad0fedba8d1f965a7973cc72810ffd88552b0e4dc6c6ddcef7d7c16c727e6696130d96486fde8ea44404389e00616780e8ac7ff27d3c819ff7ccb978863b9aea32c465c43ee63941bf9b2b1b5d15e69a4871d01b16d5f03b1276da45e7cc6d2f8d9725df450e8b2a98c8020d09c4969b0aa4a559b2d98b80179c7907e650a7578f9d908c0c54f68dd5c484bfd874ce51a96e71576c8838f09a54ab71d073d0b6308b3a2b57932b0d179a7e476dc44cb6ff37049a8ec9ab6b98d078b47024fb56332e0e3fe277cac40bccf78218ba9e0f85b28d8e137be0242c94a2827cad9a1519a9e0c7facf3884a97de632f1bca48600db8f1c24a97c845c876abed28d3560a065e761651868285d06290a68c0cee1d00be447c9c57a93c5e32630914b93b0d6da7e5fe98dbd5084379f3ad8941255311bb5f12444fff429585af7d79a35d5bcdb4ce76de3f6bad30d44c3390322c2110b1a1f20f4e01903b26708a54256623a49b5a39b7bf5c3d37bf1cd328d5b900c013ae75ef963d01b1292b361898bb1aee601aeb0a82451fd8dda4d965645c772c1b49097afbf3d6f128d62327bc6314c99cefc14e2a0b6883f1bf93f1bf42b8b3092874fc359dbd435abcfe87ecfb1fcd20dfb22b3c2f924efeda05bbe10e5b0ad0085c5689293d422b8c30f72e2dc38048437f083aa0ca1b58c15195e2990522098620d1725c21db1cda480aa672407f1c7bc26cce6cb9fb59ce0c9f2bb5fe822d2a61679ae0937d0e88753938b0444f059706d989124a704d5f3e77191fd46b773a46b48587437a64b62cd7977cc8e9866200994beed73d1f10727469c0c61a9f90c4098abe9d90296ac404ff328c696f4e2bfc764f440db9734428e2595145c58790e24b58386cba64221f93cc6320fd3a55b208597494b492ca1e06e0f493158177f7ba1988b4d7adf04c097609467f424342877dd8444edb75b804d08d4113575625c02341d41c692fbd1749463f41670a1866f7522d9ed901c3f398c5a177cbdad9d9059e3bf360791c2a403ff012990da6c9b9824ef84768f704f4b97ace0dbbf3a0deed28ee28edc54e7dbe6bc0d0f49d8bef9f389d02938bf4bfec1df3f2bf3b176d533f5fdfd8b5be3398f6cf717ad9a820b4037fa2cd770619504280845456a1007c69f76458e7da015e76673a01b02ac97394c9d0e51764ba16b387ed6c9cf599c7f86f3142cd3b704e4e80da9a5f3de91c2a5b7f9732ad059f91e41d7d4a7651923c78901ee1a09c6fe8085a239f412b52b6ec981c936e6c73e51fcf4608c0fab4a3eb812f1024234f49a8e08709889d696d3840dee8726ee1ec7ea5a0cc1b419fe3166a964197090688dbcd70835cd64a8e2854f112ea4563e35652ba9695487108e0ec85eb09dff521e93ac90533ed372d1872500288a6ecdea0837ff26d7b8758182ae8297544022e92f7bcfbac438093cfb7d21774a42800b9889a85a1b9b821bcfb09c335d0456b13ed2cde643b863e7eda38e85dd5e80a227baf1fb6db69a036867f20e43cfb5a96676e6a889e3cec15b3aa7c2c4032079e888845f31af5989c86e3cda6ee3ef0c298b54198c8f38e6822ca54b36e80db6dd9bfabca14834d6bbabd7db1825e4136e08f33f0da0b92f359fd5f8a5cf9c71390fa1f2b70d9358bfb020e07559b12b83697ed3e88e6327732b24dddd23e26c2a153ef41d90905185e1456cf60da422aa3a740b6cb7adf93cb743d6aaf345d7d6b6bfff8ac4eccf90d9d4eaa79f03b463f5a6dc53e5011e7f47d98bb7eaa4d9c17770cd28081d8fe2c42e4b3fd837848acff87a9a98a1c144d6756f8f318ec083cdd4adb39332b05262bd86eed27ec67b644c705c6702852157b4e7cec85b6e746150b6599ed53b7116c45a2dc1bc521d001dc7a31dc237c1b97f8a7b409b715e5f930984ae9b90be8baad592f69ce5942da84ac12ea463ef3373ee420808abb7054b5e49d49ae89456434bcbd26f00468c2463aa3842a722380993fd6a41b5c546fa2c16d6c0060cca51cd971b4808623d34cd6e50af870fc9d73646274c539c9ae92c621c7ef0127e110d0137eaa08d1139f715acff896f601eea2b0f3163a5bf0b2767bad3c9d31f93588d03f5c8ebae6607078c0e56bc90a8dc050fdb1bacd43a0d006db053259a456e41cf4defdc6f0654c7c0976e794c99e03fb4c739a9c3e57d4c5695f1a5603dde906eaf2160631525c117422f8ccfe820937138734d49967f179128b0764c9ea12d7bb529063b6972322504169f401b6ddeaee3bceb0bf1a33463eaaf8c131d753cd4e1a0b64b8bbe93176f3f7333b6816a7989648f710ef379da2f2faa1752d6550ad2a37b071df3fe8a9508ab1c041d87995eb5a27bef78730b8161b0e14781d1b0cd72bce511085d07964564ca5805d038ac9c3ac94d28a589b1438c6685d1f9b5bceaa58a70ff920b08e7316c446f3c345467735231ddb8b47d5bf7e7c96a8655e541de8d2b16afb765092adb9febba323bb087502caa156d6fe934e037dc034becf729e02c107870e6bf4b1fab75199c0f1a0508a52a545f92ce7d9bb46b14f888febad99c6e83438bcccca66bf4aa4fa3612f92bf6029a6e4a82c661758720739d9e6bd4ec3eb7e45a344a5f597bd9227c5e04586edbb3e89256648398edc5736a8c54c6ab148019083399cfcd667411e6adab1775bfa7d4cb7aae70dfd3b07c984124c959680e8e5ae7021b901f89b35b32aa01f9c94610defa104459ee54e2737775e2c7ae4f5397278cc43743fd2ab1aad82d1537a3999270ca180ca66d66f37cd0907b84e91fee59ed2c64feb8f3ce6c78ce4604f9018674a608167cf34e569b076f5cd373e1b3d520f25e690626e452cfe456b253e0efbaa762e8371998a3b2f0be993efabc322619401f66b42702da5cfda255b5e3cc128f1170aea2f6a42735fd3361ead179cc1f2b8d2905c64e1c02d7bf57d760508ff90de1e6fefe1857261ac4f3446240aa7ba3e90791733e25c15337c36a0afd77c562a4db560fe5f8f8246b6dfd611e4cd2beea1b9480178909fd00c6f7557cd49c991b1eba56fb5f38fd81b9aa3ad94e4f84fcfc71fd9e4dd568e2a31e11580b60f1b1c4c5904ca672cb08b9ef1572fb0ca5f4aff96fb81850349a64f84161bad9759a80bc0c315cfb10d5e5dd8725a49f22d1dfaed270ca5947d250eece12ca261bcce4bd13416940cc60d86badde4fd8a762ec6f692a9e2598c8804e9f78d02c5b659a53ffc0dfa4ec7dda9c37ebcbe391637015e407c61f187c42ca8d108dc937dcea6f68a7555e105355eedf386f72089efe8e8424d5b4ea003323a624e68afc986ec4bfbbb9efc6cdf267480d8548d4143423f2438af7727288ba61905815832b369daf7a3a2fd45fe8115aa83248a5623232bc005fb1d067ec5b260de1435ca80e27f1dbd2948b875d4afd324cfcd57e623819ade3bf17cc009d05867b50073992f9d518055878f61541f059a83e4f1fadf74be9007cf085310612c20673d2584173621f9010c69000805b3733e4661e28ae0892d1fb2cd15b3ef1a9554b03df849289c96ce146e7fcb4dc531623b3c339f7af034a9522d3d3f54eb91d08363cefafa0b7106b0519220e110ce61e5a860afff50c90465fa75789340e27899f5dade3b28a17993c3618ac427b2c6b7881162f98abb76450503a28f859ab7ea87a26b89b62c081a276ec157b230a03bff13531526c99fbb37084710b293f30f48a54e7a033065c11b9e693b4469244df55dc65f551fd97d8cfcc3580a3f305718dfd15b97942aac7e71e36fd2bd78a4e975e1e483441264975c3bea2087b92d2c060ac820bc8febf8013439b375be00efe11a65b5758bf53ca51060222295cf155727b3a585c3ec1fcc1725a0bd39bb50eee24d32a5688daa462ffd720724c094fe2d8432f3ab2b687d221366d68d3990979bd71493bebe9372ab5e0789ca6731b46b642ce1a31ec7daea10871fa1f4f288e9542843334a8aeeaa2b4e40552108e4de855d7725992772fac3fd3075a3506e04e412618b46f30d09d2d62a00ac14c56300c7a6df7a164365c6dedf0848375f8a2810b11284b7fea38e4c3a3dff1987ec53b7fff6af5de23befe6c79916febda60ef43acdb2c6f5af702edf2e7e602a8c9b628eee5c274cb0866b1645487d64f7d319d23740b4cc8250264d5137b35cd12130fcb17a870f1429fb62cb129652ae8e2b8e567a2956377836da23a1b75ce7990bcf97380d8c78d4644336be631f124533837fd0de05c51c5aeb1b3c051312955ea8a46064e48a1c374c97332efa176ec9ae355f1d4b8d992e00b6791b6032c80730d20bcaf3326395f8d9a906fa5a90ad4d97a6859e1d901e70fef02acea34e2daebf8961d77b7dedf4dc0e5ec6e121e9afb84152b7db8087aaa7286c492fcf46a37a067366d3a1247c532c869ff0e2ecc1de1f5d5cc4388cd1711c64be8ec48c657ef8c76d449cd4c84e3daa2fd10c7b5e88cf2e7795b9590f345aff8e35dd0087d794f8e58f2b324606c1e7a95e33494d1cfb98b0e5b912069c6cccfce0de76634cbaf77b2f5e96ae9b2d62dce475fb79fec9dcb1344b6dc29c60ec8cbf58b562274edcced9581078157e862ec8155fbb53dcb66ef988460bf5a389d103d20e5cb761ee99633266e75767d1066ee9685f3dcfd6f12cb6b9e7d31b756c82bc025dc2ad23950f800bec8cd3a7e5f3b950c1ce76889ee509c35ffa71178f60d4213bf72dd3fcc88d362e631fd8fb141e32ae7a211a67254ad11e2b8e4331350e33b9fd41366cfad766bdf0a0a09688a5e72c31a43478a253b1e7bd0659f51a7812556f2da2c46af16798b69c2c0b4110247ae057a140748e83d5e41e27852cf0af48f33cf2aab8b8f69021d85c4709848bcd4a110e70202227742c369b2ce858538b3b1adbfcb5dceb6ea6fe3c276ca6848fd1c52def28894338241dfe36725b3238f02263764b7d1af81d016b548a79a0b540da509fddcdcbcd6199e732466fb3424be17f5dcafeea9a2f4b1b1484998fcfb608383143855035fc51a03b109b5aca1fdb30f160b860e812a495af25e32424dc921928476478ea7499f692d33d54fc494ad8f8df42188ff4fa2f8f85b70bd84e2e847f9fe6a628fa6ca57d5ad91a57239e7d92805d30f9b70f9b384684efe35d26c5e180b6583275cae3fe26c512173221fc19b6fad79b0ce4e49b7538379c3d3ba340b5c2a3705b95bfdaae39df2b77a556a7080af2ffc72ff45d680782270d5647e4f1c32dab8b268978e33697b6f9389a4e80a9ad37e634469fc8742f6e78aa1e2cd0b73b0d6037dfe66b066fa070e7cf9ae0601f578cc0a2d819467295190eddd2401388bee41efeb9a120eeae6d44dc355effd5a3c9c92289a46f3edf900a8344590d24ba691e4ae9721d8ba06ff3f498c12d0f1251cfc88fce518f323572dfb3a7a7065d01af1ff6b46dfe8fed60b36d0a51041ac662dfd6ee8711d93e3559c1997b76ac4d0aa6c6f8f92f9feff02b30eec0197982ff75dbd9e7c6eaabc3401330aa0f1ab0bfb0a7fb774297fb8ee99718cc5d241be6a8c32cb4ddd95ce3287f733bd976f7e0824ea704a3f70fdb330e30f70208ac889dc26ff87412b62db22ca515d9768de10bd507b3decb13ef9f72380909ce915b3f15a77da5f0f82a4c8cb6fcc76b1be007f67b478f148e1a63b29c0d9ef390bc9c5190e3be6743d50428e33627645d8a1a1665762c0b09e84ab046d3e670e18dbe31b3d500b5bd87b77dfe6994cbf9d2eae0e76c21ffefe84ae202cf9d1fd0a787f74c7ec0922b74979f218872f8a7814db8c664504baaf37482211f8cccb4661b1535b4a70252e06aa8de3efeccbc46e697db5d864abe0f4f0d81f89c55a606198c5a06bb9e9ca1ac6e1a1f8e65ca2ee527023024b5b1ce045825d879af423e0e4294cb706400356917d943191a2910d6a8e1fcfb5f963409ba91e0a56db6c3b1592d7372838feccabd8880ae9a9922ad660bfaebd6d397758d56b5783843f129bdfbacc93f84277f683e95920d8d7cce271ca70f3677393630ef5ed144e622be89761d3bfee4b1af632e724f4f3ffa369669c692f0f4feed0d679c6e7ac1a46dddacf58c5bff006ed689acfd014b7bfc020011dee898dabb34fae5151e6afae2deba039c3014196bceaf620c4829c4506ee619359f38d5a994d39746d9eae652f4e2e2443564726a6afdbc01a12beaf1d20afc65d2d52958dec2ec18c12d69588f48e3cf3c6180f7a8580feb63a5bda9d9f721b88085474f974a694aef355b197d797f891284cc4d1754dbc4f87b616d0d7758771c797cfba4312291c4343f98d4ff4dddab702a9ea4a543b90064478783209bb3918e064ec383bc4c53ef7b719d419c35136a2ec31d36822cc2d55f14932d9d4a848297beb8365c82d30061a2f365408f6640771dd6baffce8a1cefeeb403a463799f159ce92b7f7a57757d8ae76288bff2e3b5861efa9c9334fb99a5c29dfc6d8954f21ded0d9d05552e49edad9c0c433d98fa098617824c9247fb55727cd8d68be92a75386adedea9507d96bfabdf29d928be10377b9813fb737a3bfa29ea7a0574466d513e5126555dc49f35e6b3825e9144b0a8c82a43a3db49b6380467018e1ac3055a84cad3b4ab68287180bb2f33145fbd6d1e574ef1f6ac17c00e69bb2c8799da111f5e476d080d3b6a7621d49e94aaf10408798f4a0958fec24eae837c15af578ac825515d152cfbd417b8152999def0c2b2059dcc2b2cf62438c50e30d3c513b5cd76e5eed2746d47a49ee24557fc60db80a76301077ad3e86c39862a1d5a1ae652f152f2afab8f5b8bd9047491351230a2a19a8100dcefb2ce7bdde12a645585a4ed31226f54207bf9c2b7b2f1abd8ad0e2110a8d54343ea16565b26a7bd80816b3450a49e018c85dcaf4b287dd97d2b90c17bd1e4ca020b626b9818c770aff28831389ca881d421cf70694943d71c63055a1c470ce8754db24f2c59e114901d45a2d0240e37ee87e35664045ab39686510feae9af8b6768406c3653a874e838e3025da786a1db6c8d3ac2273c337d70a840b883a523cf63e1e7a3ac191f6d824ca9e090c56ae5f63d1085773a9161bac2178f9fff40fabc820ae88ae10dd5e2c8d22909ead729c088920e33818be60fbd1129f4f2cba6b9ca98b4deb8cad68dc5fc89d4789928d53ad9116b160dfea7648207fb0adba2e5bffa773d27846f0f4b92942a5f9250dde9b599824a66b613ca3a97057a6d8abb7a436ecf5871b8f5fac2d559c5a130b5cd2e765f46be921a07a56d36623c33a0db62c4b2c5fe35770a6d4b2a02b47cfaf547ec4c47058467346372cf352fe3aac9986a77b40384b5deff39c56bdfab70892a120b215384fd36a3a58f6fa8c31904f5c46542ce3cae0852254e8e09b6912808f114c79ac18ee48d53d7646e77fdc78428e17d049feb258f10ab9d900273ec7dd853236f27c4cc27b494a8abb7f65a3411fbdfc1727f2500b5dc5fa3f374c5726e049bc0f541f86f2efce5f724b7210483bee3b850dff7d69f614c6c2135f46d8c6ad889784d27562a357b25f19ef4e84368a877ab4c761c506c4e4f0cb1273271f6cdd9d7b5d23a7fc8a007396d2b161f7f0c1bb528ad8b3f714422eb891351efadcbbdeedd4a80ff809ad086afb9775fc3c07d842c7880ded4d226c744bdf1f287f907d874a0e930a625ca936ec145bdf8179b56c12b4a198dbb851e07f998c8873bcbc66813b1dbe4505cd11c6881515838046c06e65697d5319f4c37ecf79758ae8d8b66d261f1d2257830b397f1b9865c7370e48b869f915155fb468829971721e549e2adf017762cf602ab992ab64920c41607c8fe333caf881e57d0fcb874f352fb7fc300d838e1ab295e4580bb685ec87dd9e1982de006f0b7e0e967a3bc0b949921ba98f138ceb1fe0911c42bc701a6bc04a7d3ef5de8e7f897d9012c2f4e77e29924f5ea21b8dfa222911dcb599512ffdcdc67c12dd3cfccd45985bca4899c19f9519bdcf820dab6972c1ce1b81c41c8cf9f31a1f37dec7fd07e46fa5e415c886ca699f8d75582994617e90bf1d4fa1d30860a813af0caa4ff9bb28507ca66e29368a6fae1a077ea2415e5e9200e92ec3f6ad75b5e57760c6e09aa818d4794dc4cac68f3b44a2291482cd51efbe7461727feaf7c94bd7a55b08eb660250b4aa2821f861a462cb8cd933cec0a812be9b81326e94585a2f2646f13edc481356733726ac42d1a21b6a42d4c2eded00946c8f5f7c5f2f18d22b99d075bc89662ad32fb1dc81eee71210379fa92b5d47104894787bd5091ac95e312b564ef989089bfce15209edc6b13cfd53409299af5fd6f7dc1d49b2b53bbb2532748d0c551b8241e19c1b4c71b75d0c2935a46ea03a55f84f5a14777bf6ada7c1d3d88b37c7ebe58aa43ee163fff95dd797221aa310af0596d00f9bc57648beb72140ef9f057feb50c63801f7f07e291b8245d73cd87b9d687db943385ef697a75d2d6e8b6bd734bd2bb00a44ec6a6d0670f64c7942b1135e4875575d425688079f1085c0f67e8dcd71a85cfc02086963508d3e777b506a30d885c8cedb92e564e32e59c6449b9f65d5e0348ef2c4c2a652550d7fba5ec3dd685d3c9dd20a3292971f07f61ee28a7450d59d4283efde64022ef6fa9f85f6f0f108f4ddd958ff33b4c7aa1e7db38ce22c09564309daa805b73f7b9b0648908684d372bcc9270cba2fb3c18b7524170eff1044bd85f6d501feaab2ba42abbf2c78221287d3663b9f7860f361e22c9d45a474101a7cd709345503723e1084f9273972edaf3f03bbf39e51dd8924c5678e91d88510ee18282496674e3f7ae7d0f32325b0f1b1fd9c46bb420c72fa3700a22ede321c867d7a85dbc734f1fafbadb866e99263c334a2ca52adb17625d6d323f781e0fcfa3a0410f35ff36689c3324615706bf071b32f5ac3745cb823c1f94279edce0e324185d74ee67125acf3601ef11d29cbfdcf7dc0037487e0b9ae5d4a7e2b936981888fda27960cd8aa885df6faa51b6764b2b2a43651aabdf58528c135ccd8132712b1447c8807f8e7c135b06f69ccc7b264faa46ba01dd33b62f6e044bc8ec036c3f9eb0ef157db179c8a681c976d10f3402eb4984aa0f7f71cb145b6c8805745549dae77d20fb1f391618ddc97e116b44891e8535caa214e30f8a36a70a8adb520336912845c6255ca21aa27424046e0297a2902325afd72f5617e7e0ed3c926d3c5a6ada7c8ad9b589c64d58d47b7ffc50a20a67aef502c05a13de3888f6c239c91f44df2bd79312cf7852e24ccb4e2ea18e8f3a809f746e9d853446a35f8286f866d3273694f97551e1d06881f836a96ba1f50db82e73e319b4e82aade3e628bf20e3d723043435c8f0b3ce937b95ca4f40f3bd450e78ab92c946e349b014a0a93982a5c31718fd12251142daa7ff73f66c4ca6426289c1d93dfcbc4d09b774e99807caa9d1efcea5c647983f25a49c1e23e5764d0741cf1b64a8e4ac0fba288be0b3c6fb5e0c9ca676cf169606e3365bbc6d4a841e3ff3e4fcd146a0ce5941a1cad9ab5d380a1464b2bf0b0eda31602378d5fa14ce86e9b7d30b4a4bec9fbc779fe8a4b3b90d90b848f3f5f8222195c82dacd2712643fcba25d4c3d9cdab1f6ed456246d138831493ff8193a04e25b73243a3d0c9976709f0aaff1590b4dc6eabf83bfee15e0cd76b0355cd626b95408f8cb67a39d42b1f02042c8dc5c8a4b64df50d77f6af8fa294bc3e1551abc4dd2a52000974181500002cfebe90112c3695b06e303dd167286962726c4184fb896727a57ab7701fce8f1d239a6f644c03a30cf95cb73279eee1287f1d142e6f5c1d873e34205b194a8a414217b7e133e8ec36508912582f5fc5730581d41de462d61c86dc7ed1382ffe47e386903dfe514956c36d07e99686e0d416d06538bae162b9633722220eca62ede131f2226fb447a7e92870891e31c5a3757c92e991fc010054c1eb624493b51363998cc8580f2d0656b12df1bf70844aaf38f201c94f0bd31f51772cb2a6c59fa4ae714eb9125532d2dac81e3bd2b09ea0bebcfde6bad9ebd0199c4663f880ea165df7e2179c99830793567d46b3a134874dcd8774b20d9b997de40aac35a82cef301a151a3b62d1fb799f17f901b5df4c194664dd96fc6f81cce4fc6619c0c867a8f0c47a91987aaa2d1fb6ea75afbaa26c7b1f1177c80eba6a77a004cc12c50f6235dd6007121f787fe8d52afa0f71e0fe289c794e8843b247807aeb2679963ccb2d034abb97f7e9c94a0000000629000000000, 1, 3, 'pipipi', '2024-03-15 12:08:14', NULL, NULL);

-- --------------------------------------------------------

--
-- Estructura de tabla para la tabla `marca`
--

CREATE TABLE `marca` (
  `ID_marca` int(11) NOT NULL,
  `Nombre_marca` varchar(30) DEFAULT NULL
) ENGINE=InnoDB DEFAULT CHARSET=utf8mb4 COLLATE=utf8mb4_general_ci;

--
-- Volcado de datos para la tabla `marca`
--

INSERT INTO `marca` (`ID_marca`, `Nombre_marca`) VALUES
(1, 'CANON'),
(2, 'POLARIS'),
(3, 'BOWENS'),
(4, 'PIXEL'),
(5, 'SONY'),
(6, 'SHURE'),
(7, 'SENNHEISER'),
(8, 'RODE'),
(9, 'AURAY'),
(10, 'K-TEK'),
(11, 'SANDISK'),
(12, 'ARRI'),
(13, 'LOWEL DP'),
(14, 'MANFROTTO'),
(15, 'RED WING'),
(16, 'IMPACT'),
(17, 'FOTOBE/STWAY'),
(18, 'PLOMAS'),
(19, 'SOLERA'),
(20, 'CUPPER'),
(21, 'PATRIOT'),
(22, 'UGREEN'),
(23, 'ZEISS'),
(24, 'KOPUL'),
(25, 'GOSSEN'),
(26, 'DELKIN DEVICES'),
(27, 'KINGSTON'),
(28, 'GODOX'),
(29, 'NEUTRIK'),
(30, 'WINDTECH'),
(31, 'LEXAR MULTIUSE'),
(32, 'LEXAR PLATINUM2'),
(33, 'LEXAR'),
(34, 'SAVAGE'),
(35, 'SACHTLER'),
(36, 'GENERICO'),
(37, 'PHILIPS'),
(38, 'OSRAM'),
(39, 'SHOWBIZ'),
(40, 'CASSELL'),
(41, 'ROSCO'),
(42, 'NEEWER'),
(43, 'ASUS'),
(44, 'CREATIVE'),
(45, 'MSEGRIP'),
(46, 'Apple'),
(47, 'Logitech');

-- --------------------------------------------------------

--
-- Estructura de tabla para la tabla `modelo`
--

CREATE TABLE `modelo` (
  `ID_modelo` int(11) NOT NULL,
  `ID_marca` int(11) DEFAULT NULL,
  `Nombre_modelo` varchar(50) DEFAULT NULL
) ENGINE=InnoDB DEFAULT CHARSET=utf8mb4 COLLATE=utf8mb4_general_ci;

--
-- Volcado de datos para la tabla `modelo`
--

INSERT INTO `modelo` (`ID_modelo`, `ID_marca`, `Nombre_modelo`) VALUES
(1, 1, 'EOS - REBEL T5'),
(2, NULL, 'EOS - REBEL T5'),
(3, NULL, 'EOS - 6D (MARK II)'),
(4, NULL, 'LP-E10'),
(5, NULL, 'LC-E10'),
(6, NULL, 'EF 100 MM F/1.2.8 USM'),
(7, NULL, 'EF 28 MM F/1,8 USM'),
(8, NULL, 'EF 70-200 MM F/2.8L USM'),
(9, NULL, '580EXII'),
(10, NULL, 'FLASH METER'),
(11, NULL, 'PULSAR - BW5170'),
(12, NULL, 'SOLDIER'),
(13, NULL, 'NXCAM - HXR-NX5N'),
(14, NULL, 'NXCAM - HXR-NX3'),
(15, NULL, 'AC-VQ1051D'),
(16, NULL, 'AC-VL1'),
(17, NULL, 'AC - VL1'),
(18, NULL, 'NP-F970'),
(19, NULL, 'NP-F570'),
(20, NULL, 'PG58'),
(21, NULL, 'SK100 G3'),
(22, NULL, 'EK100 G3'),
(23, NULL, 'ME 66'),
(24, NULL, 'DUSM-1'),
(25, NULL, 'Avalon KE-89CC'),
(26, NULL, 'MRW-EA7'),
(27, NULL, 'MRW-E80'),
(28, NULL, 'MDR - 7502'),
(29, NULL, 'MDR - 7506'),
(30, NULL, 'ARRI - 650-300-150 W'),
(31, NULL, 'ARRI - 300W -150 W'),
(32, NULL, 'ARRI - 650 W'),
(33, NULL, '1000 w'),
(34, NULL, '546B'),
(35, NULL, 'GEMINI GM1000PRO'),
(36, NULL, 'GEMINI GM500PRO'),
(37, NULL, 'GEMINI GM500R'),
(38, NULL, 'GEMINI GM500C'),
(39, NULL, 'BW6615'),
(40, NULL, 'BW6610'),
(41, NULL, '272B'),
(42, NULL, '1052BAC'),
(43, NULL, 'LUMINAIR'),
(44, NULL, 'VCT-R640'),
(45, NULL, '732CY'),
(46, NULL, 'EFS 18-55 MM'),
(47, NULL, '4B'),
(48, NULL, 'EF 50 MM F/1.8 STM'),
(49, NULL, 'EF 70-200 MM F/2.8L IS III USM'),
(50, NULL, 'EF 100 MM F/2.8L MACRO IS USM'),
(51, NULL, 'SD DE 64GB'),
(52, NULL, '30333 USB 3.0'),
(53, NULL, 'CLEANING TISSUE'),
(54, NULL, 'HD 206'),
(55, NULL, 'EK 100 G4'),
(56, NULL, 'MKE600'),
(57, NULL, '165mv'),
(58, NULL, '496RC2'),
(59, NULL, 'DELUXE WINDSHIELD WS6'),
(60, NULL, 'SERIES 3000 1.5 MTS'),
(61, NULL, 'SIXTOMAT F2'),
(62, NULL, 'SD DE 16GB'),
(63, NULL, 'JDD F27'),
(64, NULL, 'NC-MXX'),
(65, NULL, 'NC-MX'),
(66, NULL, 'BW 1864'),
(67, NULL, 'RFT-10'),
(68, NULL, 'SG-1'),
(69, NULL, 'SD DE 8GB'),
(70, NULL, 'SD DE 4GB'),
(71, NULL, 'ADAPTADOR'),
(72, NULL, 'LP-E6N'),
(73, NULL, 'LP-E6'),
(74, NULL, 'LC-E6'),
(75, NULL, 'EOS - REBEL T5i'),
(76, NULL, 'EOS - REBEL T6'),
(77, NULL, 'EOS - REBEL T6'),
(78, NULL, 'HD202'),
(79, NULL, 'MK-190X3-2W'),
(80, NULL, '56-12 FASHION GRAY'),
(81, NULL, '46-12 TECH GREEN'),
(82, NULL, '050MKARF'),
(83, NULL, 'SC003'),
(84, NULL, 'I-TRIGUE 3400'),
(85, NULL, 'EOS - REBEL T5'),
(86, NULL, 'EOS - REBEL T5'),
(87, NULL, 'EOS - 6D (MARK II)'),
(88, NULL, 'LP-E10'),
(89, NULL, 'LC-E10'),
(90, NULL, 'EF 100 MM F/1.2.8 USM'),
(91, NULL, 'EF 28 MM F/1,8 USM'),
(92, NULL, 'EF 70-200 MM F/2.8L USM'),
(93, NULL, '580EXII'),
(94, NULL, 'FLASH METER'),
(95, NULL, 'PULSAR - BW5170'),
(96, NULL, 'SOLDIER'),
(97, NULL, 'NXCAM - HXR-NX5N'),
(98, NULL, 'NXCAM - HXR-NX3'),
(99, NULL, 'AC-VQ1051D'),
(100, NULL, 'AC-VL1'),
(101, NULL, 'AC - VL1'),
(102, NULL, 'NP-F970'),
(103, NULL, 'NP-F570'),
(104, NULL, 'PG58'),
(105, NULL, 'SK100 G3'),
(106, NULL, 'EK100 G3'),
(107, NULL, 'ME 66'),
(108, NULL, 'DUSM-1'),
(109, NULL, 'Avalon KE-89CC'),
(110, NULL, 'MRW-EA7'),
(111, NULL, 'MRW-E80'),
(112, NULL, 'MDR - 7502'),
(113, NULL, 'MDR - 7506'),
(114, NULL, 'ARRI - 650-300-150 W'),
(115, NULL, 'ARRI - 300W -150 W'),
(116, NULL, 'ARRI - 650 W'),
(117, NULL, '1000 w'),
(118, NULL, '546B'),
(119, NULL, 'GEMINI GM1000PRO'),
(120, NULL, 'GEMINI GM500PRO'),
(121, NULL, 'GEMINI GM500R'),
(122, NULL, 'GEMINI GM500C'),
(123, NULL, 'BW6615'),
(124, NULL, 'BW6610'),
(125, NULL, '272B'),
(126, NULL, '1052BAC'),
(127, NULL, 'LUMINAIR'),
(128, NULL, 'VCT-R640'),
(129, NULL, '732CY'),
(130, NULL, 'EFS 18-55 MM'),
(131, NULL, '4B'),
(132, NULL, 'EF 50 MM F/1.8 STM'),
(133, NULL, 'EF 70-200 MM F/2.8L IS III USM'),
(134, NULL, 'EF 100 MM F/2.8L MACRO IS USM'),
(135, NULL, 'SD DE 64GB'),
(136, NULL, '30333 USB 3.0'),
(137, NULL, 'CLEANING TISSUE'),
(138, NULL, 'HD 206'),
(139, NULL, 'EK 100 G4'),
(140, NULL, 'MKE600'),
(141, NULL, '165mv'),
(142, NULL, '496RC2'),
(143, NULL, 'DELUXE WINDSHIELD WS6'),
(144, NULL, 'SERIES 3000 1.5 MTS'),
(145, NULL, 'SIXTOMAT F2'),
(146, NULL, 'SD DE 16GB'),
(147, NULL, 'JDD F27'),
(148, NULL, 'NC-MXX'),
(149, NULL, 'NC-MX'),
(150, NULL, 'BW 1864'),
(151, NULL, 'RFT-10'),
(152, NULL, 'SG-1'),
(153, NULL, 'SD DE 8GB'),
(154, NULL, 'SD DE 4GB'),
(155, NULL, 'ADAPTADOR'),
(156, NULL, 'LP-E6N'),
(157, NULL, 'LP-E6'),
(158, NULL, 'LC-E6'),
(159, NULL, 'EOS - REBEL T5i'),
(160, NULL, 'EOS - REBEL T6'),
(161, NULL, 'EOS - REBEL T6'),
(162, NULL, 'HD202'),
(163, NULL, 'MK-190X3-2W'),
(164, NULL, '56-12 FASHION GRAY'),
(165, NULL, '46-12 TECH GREEN'),
(166, NULL, '050MKARF'),
(167, NULL, 'SC003'),
(168, NULL, 'I-TRIGUE 3400'),
(169, 46, 'iMacPro1,1'),
(170, 47, 'G203');

-- --------------------------------------------------------

--
-- Estructura de tabla para la tabla `operatividad`
--

CREATE TABLE `operatividad` (
  `ID_operatividad` int(11) NOT NULL,
  `Tipo_operatividad` varchar(30) DEFAULT NULL
) ENGINE=InnoDB DEFAULT CHARSET=utf8mb4 COLLATE=utf8mb4_general_ci;

--
-- Volcado de datos para la tabla `operatividad`
--

INSERT INTO `operatividad` (`ID_operatividad`, `Tipo_operatividad`) VALUES
(1, 'Operativo'),
(2, 'Inoperativo'),
(3, 'En revisión');

-- --------------------------------------------------------

--
-- Estructura de tabla para la tabla `roles`
--

CREATE TABLE `roles` (
  `ID_roles` int(11) NOT NULL,
  `Nombre_Rol` varchar(30) DEFAULT NULL
) ENGINE=InnoDB DEFAULT CHARSET=utf8mb4 COLLATE=utf8mb4_general_ci;

--
-- Volcado de datos para la tabla `roles`
--

INSERT INTO `roles` (`ID_roles`, `Nombre_Rol`) VALUES
(1, 'Administrador'),
(2, 'Editor'),
(3, 'especial');

-- --------------------------------------------------------

--
-- Estructura de tabla para la tabla `sede`
--

CREATE TABLE `sede` (
  `ID_sede` int(11) NOT NULL,
  `Nombre_sede` varchar(30) DEFAULT NULL
) ENGINE=InnoDB DEFAULT CHARSET=utf8mb4 COLLATE=utf8mb4_general_ci;

--
-- Volcado de datos para la tabla `sede`
--

INSERT INTO `sede` (`ID_sede`, `Nombre_sede`) VALUES
(1, 'La Molina'),
(2, 'San Isidro'),
(3, 'Miraflores');

-- --------------------------------------------------------

--
-- Estructura de tabla para la tabla `torre`
--

CREATE TABLE `torre` (
  `ID_torre` int(11) NOT NULL,
  `Nombre_torre` varchar(10) DEFAULT NULL
) ENGINE=InnoDB DEFAULT CHARSET=utf8mb4 COLLATE=utf8mb4_general_ci;

--
-- Volcado de datos para la tabla `torre`
--

INSERT INTO `torre` (`ID_torre`, `Nombre_torre`) VALUES
(1, 'A'),
(2, 'B'),
(3, 'C'),
(4, 'D'),
(5, 'E');

-- --------------------------------------------------------

--
-- Estructura de tabla para la tabla `usuario`
--

CREATE TABLE `usuario` (
  `ID_usuario` int(11) NOT NULL,
  `ID_roles` int(11) NOT NULL,
  `Nombre` varchar(50) DEFAULT NULL,
  `Apellidos` varchar(50) NOT NULL,
  `Correo` varchar(50) DEFAULT NULL,
  `Numero` int(11) DEFAULT NULL,
  `Usuario` varchar(30) DEFAULT NULL,
  `contrasena` varchar(30) DEFAULT NULL
) ENGINE=InnoDB DEFAULT CHARSET=utf8mb4 COLLATE=utf8mb4_general_ci;

--
-- Volcado de datos para la tabla `usuario`
--

INSERT INTO `usuario` (`ID_usuario`, `ID_roles`, `Nombre`, `Apellidos`, `Correo`, `Numero`, `Usuario`, `contrasena`) VALUES
(1, 1, 'Miguel John', 'Quispe Pozo', 'correo1@gmail.com', 906838713, 'mquispe', '12345'),
(2, 1, 'Gonzalo Ronald', 'García Saravia', 'correo2@gmail.com', 913593235, 'ggarcias', '12345'),
(3, 1, 'Isaac Jedidias', 'Olivera Colonio ', 'correo3@gmail.com', 969703281, 'iolivera', '12345'),
(7, 3, 'Alexandrea Alexandrea ', 'Del Solar Maldini de las Casas', 'correo22@gmail.com', 973752339, 'aadelascasas', 'f23c92baa9b37099420c006ac4f776'),
(9, 1, 'pepe', 'el pollo', 'pepelpollo@gmail.com', 986532014, 'elpepe', '12345'),
(10, 2, 'test', 'test', 'tesqt@gmail.com', 12345, 'test', '098f6bcd4621d373cade4e832627b4'),
(13, 2, 'Alexandrea Lausa', 'Del Solar Maldini de las Casas', 'correo22@gmail.com', 973752339, 'aadelascasas', '827ccb0eea8a706c4c34a16891f84e');

--
-- Índices para tablas volcadas
--

--
-- Indices de la tabla `almacen`
--
ALTER TABLE `almacen`
  ADD PRIMARY KEY (`ID_Almacen`);

--
-- Indices de la tabla `equipo`
--
ALTER TABLE `equipo`
  ADD PRIMARY KEY (`ID_equipo`);

--
-- Indices de la tabla `ficha`
--
ALTER TABLE `ficha`
  ADD PRIMARY KEY (`ID_ficha`),
  ADD KEY `ID_sede` (`ID_sede`),
  ADD KEY `ID_torre` (`ID_torre`),
  ADD KEY `ID_almacen` (`ID_almacen`),
  ADD KEY `ID_equipo` (`ID_equipo`),
  ADD KEY `ID_marca` (`ID_marca`),
  ADD KEY `ID_modelo` (`ID_modelo`),
  ADD KEY `ID_operatividad` (`ID_operatividad`),
  ADD KEY `ID_usuario` (`ID_usuario`);

--
-- Indices de la tabla `marca`
--
ALTER TABLE `marca`
  ADD PRIMARY KEY (`ID_marca`);

--
-- Indices de la tabla `modelo`
--
ALTER TABLE `modelo`
  ADD PRIMARY KEY (`ID_modelo`);

--
-- Indices de la tabla `operatividad`
--
ALTER TABLE `operatividad`
  ADD PRIMARY KEY (`ID_operatividad`);

--
-- Indices de la tabla `roles`
--
ALTER TABLE `roles`
  ADD PRIMARY KEY (`ID_roles`);

--
-- Indices de la tabla `sede`
--
ALTER TABLE `sede`
  ADD PRIMARY KEY (`ID_sede`);

--
-- Indices de la tabla `torre`
--
ALTER TABLE `torre`
  ADD PRIMARY KEY (`ID_torre`);

--
-- Indices de la tabla `usuario`
--
ALTER TABLE `usuario`
  ADD PRIMARY KEY (`ID_usuario`),
  ADD KEY `ID_roles` (`ID_roles`);

--
-- AUTO_INCREMENT de las tablas volcadas
--

--
-- AUTO_INCREMENT de la tabla `almacen`
--
ALTER TABLE `almacen`
  MODIFY `ID_Almacen` int(11) NOT NULL AUTO_INCREMENT, AUTO_INCREMENT=3;

--
-- AUTO_INCREMENT de la tabla `equipo`
--
ALTER TABLE `equipo`
  MODIFY `ID_equipo` int(11) NOT NULL AUTO_INCREMENT, AUTO_INCREMENT=130;

--
-- AUTO_INCREMENT de la tabla `ficha`
--
ALTER TABLE `ficha`
  MODIFY `ID_ficha` int(11) NOT NULL AUTO_INCREMENT, AUTO_INCREMENT=29;

--
-- AUTO_INCREMENT de la tabla `marca`
--
ALTER TABLE `marca`
  MODIFY `ID_marca` int(11) NOT NULL AUTO_INCREMENT, AUTO_INCREMENT=48;

--
-- AUTO_INCREMENT de la tabla `modelo`
--
ALTER TABLE `modelo`
  MODIFY `ID_modelo` int(11) NOT NULL AUTO_INCREMENT, AUTO_INCREMENT=171;

--
-- AUTO_INCREMENT de la tabla `operatividad`
--
ALTER TABLE `operatividad`
  MODIFY `ID_operatividad` int(11) NOT NULL AUTO_INCREMENT, AUTO_INCREMENT=4;

--
-- AUTO_INCREMENT de la tabla `roles`
--
ALTER TABLE `roles`
  MODIFY `ID_roles` int(11) NOT NULL AUTO_INCREMENT, AUTO_INCREMENT=4;

--
-- AUTO_INCREMENT de la tabla `sede`
--
ALTER TABLE `sede`
  MODIFY `ID_sede` int(11) NOT NULL AUTO_INCREMENT, AUTO_INCREMENT=4;

--
-- AUTO_INCREMENT de la tabla `torre`
--
ALTER TABLE `torre`
  MODIFY `ID_torre` int(11) NOT NULL AUTO_INCREMENT, AUTO_INCREMENT=6;

--
-- AUTO_INCREMENT de la tabla `usuario`
--
ALTER TABLE `usuario`
  MODIFY `ID_usuario` int(11) NOT NULL AUTO_INCREMENT, AUTO_INCREMENT=14;

--
-- Restricciones para tablas volcadas
--

--
-- Filtros para la tabla `ficha`
--
ALTER TABLE `ficha`
  ADD CONSTRAINT `ficha_ibfk_1` FOREIGN KEY (`ID_sede`) REFERENCES `sede` (`ID_sede`),
  ADD CONSTRAINT `ficha_ibfk_2` FOREIGN KEY (`ID_torre`) REFERENCES `torre` (`ID_torre`),
  ADD CONSTRAINT `ficha_ibfk_3` FOREIGN KEY (`ID_almacen`) REFERENCES `almacen` (`ID_Almacen`),
  ADD CONSTRAINT `ficha_ibfk_4` FOREIGN KEY (`ID_equipo`) REFERENCES `equipo` (`ID_equipo`),
  ADD CONSTRAINT `ficha_ibfk_5` FOREIGN KEY (`ID_marca`) REFERENCES `marca` (`ID_marca`),
  ADD CONSTRAINT `ficha_ibfk_6` FOREIGN KEY (`ID_modelo`) REFERENCES `modelo` (`ID_modelo`),
  ADD CONSTRAINT `ficha_ibfk_7` FOREIGN KEY (`ID_operatividad`) REFERENCES `operatividad` (`ID_operatividad`),
  ADD CONSTRAINT `ficha_ibfk_8` FOREIGN KEY (`ID_usuario`) REFERENCES `usuario` (`ID_usuario`);

--
-- Filtros para la tabla `usuario`
--
ALTER TABLE `usuario`
  ADD CONSTRAINT `usuario_ibfk_1` FOREIGN KEY (`ID_roles`) REFERENCES `roles` (`ID_roles`);
COMMIT;

/*!40101 SET CHARACTER_SET_CLIENT=@OLD_CHARACTER_SET_CLIENT */;
/*!40101 SET CHARACTER_SET_RESULTS=@OLD_CHARACTER_SET_RESULTS */;
/*!40101 SET COLLATION_CONNECTION=@OLD_COLLATION_CONNECTION */;
